#,tp,seq_v
0,time-18,CAKDAGGNSVYFDFW_V3
1,time-18,CARDPDYDVWDDSDFW_V3
2,time-18,CARGQAAAQSASVAQYVDHW_V3
3,time-18,CARGLPPATGRALEYW_V3
4,time-18,CARGLPPATGRALEYW_V3
5,time-18,CARGLPPATGRALEYW_V3
6,time-18,CARGLPPATGRALEYW_V3
7,time-18,CARDGLTAGEVAGRDEAFDVW_V3
8,time-18,CACLGPSSDTDDAFDSW_V3
9,time-18,CVKGGRVVAGSPFDVW_V3
10,time-18,CAKEMRRKWFGESNPLDFW_V3
11,time-18,CARDMGSGVVLIPAAGLRPLDYW_V3
12,time-18,CAKGPFYYYDNSGYLYYFDYW_V3
13,time-18,CATLPRDVNNWYPGDYW_V3
14,time-18,CARHWGYCSGARCFSYFDNW_V3
15,time-18,CARGLQPATGRALESW_V3
16,time-18,CARGLPPATGRALESW_V3
17,time-18,CASSMPVEYDAFDYW_V3
18,time-18,CARGVRPATGRALEYW_V3
19,time-18,CARTNYFGSGSRIGFFDSW_V3
20,time-18,CAKDSSWDPIYYRPGLYYLDPW_V3
21,time-18,CARAGKYYFYYYMDVW_V3
22,time-18,CAMMHCSPAKRYPRTCSYFHYW_V3-11*01
23,time-18,CARERPDTYMEHDVW_V3-11*01
24,time-18,CATADYTHYLGAFDIW_V3-11*01
25,time-18,CASLYDGP_V3-11*01
26,time-18,CARNWGYCSGANCFSYFDQW_V3-11*01
27,time-18,CARNWGYCSGANCFSYFDQW_V3-11*01
28,time-18,CARSYGPEGGTGWLVTGYW_V3-11*01
29,time-18,CAREYFFYMDVW_V3-11*01
30,time-18,CAGWGRDDYGYFPHW_V3-11
31,time-18,CTTGYVDRW_V3-15*01
32,time-18,CTTGYVDRW_V3-15*01
33,time-18,CTTGYVDRW_V3-15*01
34,time-18,CTADWNFESAGAFDIW_V3-15*01
35,time-18,CTTQYPGHDYW_V3-15*01
36,time-18,CNTWTWVNSNHMDVW_V3-15*01
37,time-18,CARGGYYNHFFMDVW_V3-20*01
38,time-18,CARGSDGSTW_V3-21*01
39,time-18,CARAMGRGDWAFNLW_V3-21*01
40,time-18,CANCRDVICNQRGGYGHW_V3-21*01
41,time-18,CARDYYSSGGDNW_V3-21*01
42,time-18,CADCSGVTCNRHSGYGHW_V3-21*01
43,time-18,CARDLAITFGGVIPRGYMDVW_V3-21*01
44,time-18,CARDLHLANDVW_V3-21*01
45,time-18,CARDLHLANDVW_V3-21*01
46,time-18,CVNCRAVTCNRRGGYGRW_V3-21*02
47,time-18,CARCRDVVCNWSGGYGPW_V3-21*02
48,time-18,CAECSGIICHRRSGYGHW_V3-21*02
49,time-18,CGKSRSNYYQNYLDYW_V3-23*01
50,time-18,CARTNYFGSGSRIGFFDYW_V3-23*02
51,time-18,CVVRFLEWLGGEDAFDLW_V3-23*03
52,time-18,CVVRFLEWLGGEDAFDLW_V3-23*03
53,time-18,CVVRFLEWLGGEDALDLW_V3-23*03
54,time-18,CVKGQQWFGEAFETW_V3-23*03
55,time-18,CAKDFWNNYW_V3-23*03
56,time-18,CAKGPFWSGYYCDSW_V3-23*03
57,time-18,CAIVRERDWFDPW_V3-23*03
58,time-18,CARVEAEPYHYFFYYMDVW_V3-23*03
59,time-18,CARVEAEPYHYFFYYMDVW_V3-23*03
60,time-18,CAKGYSNHVSAMDVW_V3-23*03
61,time-18,CAKDIFTTLIRGPWAFDVW_V3-23*05
62,time-18,CAKSVSVLPNLFESW_V3-23*05
63,time-18,CARDTSLNSAFDIW_V3-30*03
64,time-18,CARDRVLHSVSWDMDYW_V3-30*03
65,time-18,CARDRVLHSVSWDLDYW_V3-30*03
66,time-18,CARDRVLHSVSWDLDYW_V3-30*03
67,time-18,CASSMPVEYDAFDYW_V3-30*03
68,time-18,CASSMPVEYDAFDYW_V3-30*03
69,time-18,CASSMPVEYDAFDYW_V3-30*03
70,time-18,CASSMPVEYDAFDYW_V3-30*03
71,time-18,CASSMPVEYDAFDYW_V3-30*03
72,time-18,CASSLPVEYDAFDYW_V3-30*03
73,time-18,CARESHVDFWSAYTSLDFW_V3-30*03
74,time-18,CARDSEQQVDVLYSDYMDVW_V3-30*03
75,time-18,CARDGTVLGVLLPQYNYSYMDVW_V3-30*03
76,time-18,CARGTYEILLLDHMDFW_V3-30*03
77,time-18,CARDGTILGVLLPQYNYSYMDVW_V3-30*03
78,time-18,CARDGDPWQVHYFYSYLDVW_V3-30*07
79,time-18,CAREGYSSGHAPAFDTW_V3-30*14
80,time-18,CAGDLDPDYGYFGLW_V3-30*15
81,time-18,CAKDLHGGRISPGAAEHW_V3-30*18
82,time-18,CAKDLHGGRVIPGAAEHW_V3-30*18
83,time-18,CAITKGDAFDSW_V3-30*18
84,time-18,CALLNDDTGEGDSAIDVW_V3-30*18
85,time-18,CAKTHRDGYNFDAFNIW_V3-30*18
86,time-18,CAKGPFYYYDNSGYLYYFDYW_V3-30*18
87,time-18,CAKDHSSGSGGWYSGLADW_V3-30*18
88,time-18,CANNLDPWILIEYW_V3-30*18
89,time-18,CVKDSPATYRRDDYFDSW_V3-30*18
90,time-18,CAKALINGPFYYYYMDVW_V3-30*18
91,time-18,CAIGGEGSGWPPYYYYYMDVW_V3-30*18
92,time-18,CAKDIYRAYAGQPPYFNYW_V3-30
93,time-18,CAITKGDAFNFW_V3-30
94,time-18,CAKERRGYYMDVW_V3-30
95,time-18,CARDLGSDFWAMRYFDPW_V3-30-3*01
96,time-18,CAREYYNSLTRSYGGDFDLW_V3-30-3*01
97,time-18,CVRYSGSPPIGLDLW_V3-30-3*01
98,time-18,CVKDRWGFGRYDAFDIW_V3-30-3*01
99,time-18,CAYFGNYYYMDVW_V3-30-3*02
100,time-18,CARDPTPRFWERLLYYFDYW_V3-30-3*03
101,time-18,CARDPDYDVWDDSDFW_V3-33*01
102,time-18,CVREEHCYGDGCHSDAFDIW_V3-33*01
103,time-18,CARDQDSGIGWLGVFDYW_V3-33*01
104,time-18,CAIMDCRSSSCSGDEGLDYW_V3-33*01
105,time-18,CATLPRDVNNWYPGDYW_V3-33*02
106,time-18,CATLPRDVNNWYPGDYW_V3-33*02
107,time-18,CATLPRDVNNWYPGDYW_V3-33*02
108,time-18,CARDRGLSSFDYW_V3-33*02
109,time-18,CARDRGLSSFDYW_V3-33*04
110,time-18,CVRGPSLTTTRRTGEFEFW_V3-43*02
111,time-18,CVKDRVNSGWSLFDHW_V3-43*02
112,time-18,CVKDRVNSGWSLFDYW_V3-43*02
113,time-18,CTKDISWDPVYHRPGPYYFDSW_V3-43*02
114,time-18,CAKGGPPIQLWLDLW_V3-43*02
115,time-18,CARDHLWASDYW_V3-48*01
116,time-18,CARDSGTTGADDYW_V3-48*01
117,time-18,CARWIGTSPAW_V3-48*03
118,time-18,CGRWIGTSPAW_V3-48*03
119,time-18,CARDSGRESMVDWYFDLW_V3-48*03
120,time-18,CARVYDDYGEAFDFW_V3-48*03
121,time-18,CAREENWGDALDIW_V3-48*03
122,time-18,CARELIPGGYYFAGEFDPW_V3-48*03
123,time-18,CAREGEGSPDYRFYMDVW_V3-48*03
124,time-18,CARDGEGSPAYKWYMDVW_V3-48*03
125,time-18,CARDGEGSPAYHFYMDLW_V3-48*03
126,time-18,CARDGEGSPAYHFYMDLW_V3-48*03
127,time-18,CARGSLEVGRLTVFGGFNLDLFYYMDVW_V3-48*03
128,time-18,CAREGEGSPDYKFYMDVW_V3-48*03
129,time-18,CARDGEGNPTYKYYMDVW_V3-48*03
130,time-18,CARDGEGNPTYKYYMDVW_V3-48*03
131,time-18,CTGEVVYAFNPRDGYNSVFDYW_V3-49*01
132,time-18,CTISAYTYGSPFDYW_V3-49*02
133,time-18,CVRDFWSGYWDNW_V3-49*02
134,time-18,CARCSPGPFMDFW_V3-49*02
135,time-18,CTREVDPADYW_V3-49*03
136,time-18,CVRDFWSGYWDNW_V3-49*04
137,time-18,CVRDFWSGYWDKW_V3-49*04
138,time-18,CARCSPGPFMDFW_V3-49*04
139,time-18,CARCSPGPFMDFW_V3-49*04
140,time-18,CARGLMEWFFSHW_V3-53*02
141,time-18,CARQRGGRAGRAEYYFYYMDVW_V3-53*02
142,time-18,CTRATYYYASGSYYRTFDIW_V3-64*01
143,time-18,CANAWGAPLFDYW_V3-66*02
144,time-18,CARDTHSGHRADYW_V3-66*02
145,time-18,CARERFNRAWFDPW_V3-66*02
146,time-18,CAREEYYDVLNGNLNLDYW_V3-7*01
147,time-18,CARGVAHTGLFDYW_V3-7*01
148,time-18,CARGGVYGSIDFW_V3-7*01
149,time-18,CARDPNPTGLAATGTGHFDNW_V3-7*01
150,time-18,CARDVYSGFRSGAFAYW_V3-7*01
151,time-18,CARVKRPAATPRQWFDPW_V3-7*01
152,time-18,CATNHYVDYYSYYMDVW_V3-7*01
153,time-18,CVRIQYIWNGGDYW_V3-7*02
154,time-18,CARHYDYVWGNYRYNNPHYFDFW_V3-7*03
155,time-18,CARHHDYVWGRYRDASPHYFDFW_V3-7*03
156,time-18,CARDTGEQWLVPAYFQHW_V3-7*03
157,time-18,CARADCLPVCGGRDGFDIW_V3-7*03
158,time-18,CVRDKWAWNDLSAFDIW_V3-7*03
159,time-18,CATEFWYCFDNW_V3-7*03
160,time-18,CATEFWYCFDNW_V3-7*03
161,time-18,CARHHDYVWGRYRNANPHYFEFW_V3-7*03
162,time-18,CARSGGYGWDYW_V3-7*03
163,time-18,CAAGAGWLIDYW_V3-7*03
164,time-18,CARVRVSYYYYMDVW_V3-7*03
165,time-18,CARVRVSYYYYMDVW_V3-7*03
166,time-18,CGRAMDVW_V3-7*03
167,time-18,CVRAGRNSWFGSFFDLW_V3-72*01
168,time-18,CVRAGSNSWFGSFFDLW_V3-72*01
169,time-18,CARNRNIGSYYYMDVW_V3-72*01
170,time-18,CARVALGYSSGHFYSHFYMDVW_V3-72*01
171,time-18,CTKDFDVPHGHW_V3-74*01
172,time-18,CATLNEPGLDLW_V3-74*01
173,time-18,CARNFDRDRYW_V3-74*01
174,time-18,CSRGGPYHGFDFW_V3-74*02
175,time-18,CAREARGRAAQSSDYW_V3-74*03
176,time-18,CAREVSHDNGAIYYFDYW_V3-74*03
177,time-18,CATGRYSRGPIDFW_V3-74*03
178,time-18,CARDGENFWSGYADSW_V3-74*03
179,time-18,CVRVHCTGIHCYSLWIDKW_V3-74*03
180,time-18,CVRVHCSGIECYSLWLDKW_V3-74*03
181,time-18,CVRVHCVGIKCYSLWIDKW_V3-74*03
182,time-18,CAKEIGTMVRGFFDYW_V3-9*01
183,time-18,CAKHKAAAGPDDAFDAW_V3-9*01
184,time-18,CAKHKAAAGPDDAFDVW_V3-9*01
185,time-18,CARDRSRDFVAFDIW_V3-9*01
186,time-18,CARDRSRDFVAFDIW_V3-9*01
187,time-18,CARDRSRDFVAFDIW_V3-9*01
188,time-18,CARDRSRDFVAFDIW_V3-9*01
189,time-18,CARDRSRDFVAFDIW_V3-9*01
190,time-18,CAKDRGANWGSGPNYHFDYW_V3-9*01
191,time-18,CAKDVCSSTGCYMDHW_V3-9*01
192,time-18,CAKDFNPNYDYGVFFDYW_V3-9*01
193,time-18,CVKDLYEVIHSSLYSW_V3-9*01
194,time-18,CATTQSYYYFYLDVW_V3-9*01
195,time-18,CVKDRRPVGFVFYSMDVW_V3-9*01
196,time-18,CAKDIYRASAGQPPYFNYW_V3-NL1*01
197,time-18,CAKDLGGKSSWPYFDYW_V3-NL1*01
198,time-18,CAKGGGRLEDW_V3-NL1*01
199,time-18,CARGLRSATGRAIDSW_V3/OR16-13*01
200,time-1,CARGPITASGFDFW_V3
201,time-1,CTSPQPHGSGYYYHFDYW_V3
202,time-1,CARDSFYSDTSAYYQDYW_V3
203,time-1,CTREYEPGNNYFNPW_V3
204,time-1,CAREPRIAALDRVGWFDPW_V3
205,time-1,CAKGPTGDFWSGYFAPANFNFGMDVW_V3
206,time-1,CARDGDEEGGYYFLYFYGMDVW_V3
207,time-1,CARVGYCSRTFCLPADYW_V3-11*04
208,time-1,CARIDLDYSSSFVFDPW_V3-11*05
209,time-1,CATHGSALGWIYFFDLW_V3-15*01
210,time-1,CARIYPYSTSWHVLPDYW_V3-15*01
211,time-1,CTTYEYCSGGSCYSWPPYNWFDPW_V3-15*01
212,time-1,CATEFYNNGYNFW_V3-15*01
213,time-1,CTTGTSGWALFGLDVW_V3-15*01
214,time-1,CAWDWIYYYDLAVW_V3-15*05
215,time-1,CARDPGDRIGYYSDYW_V3-20*01
216,time-1,CARDGLVITPGEDCW_V3-21*01
217,time-1,CARGKYDYVWGSDPWYW_V3-21*01
218,time-1,CARVLPGRVSGHPFDYW_V3-21*01
219,time-1,CARSPATVTSNNWFDPW_V3-21*01
220,time-1,CTRDLESWSHRNYAMDVW_V3-21*01
221,time-1,CAKDAGRGGGSAFDIW_V3-23*01
222,time-1,CAKLSRLAAAGTWDYW_V3-23*01
223,time-1,CAKNGDRIGKGDWFDSW_V3-23*01
224,time-1,CAKNGDRIGKGDWFDSW_V3-23*01
225,time-1,CAKTPSMVRGVITPGVVYYFDYW_V3-23*05
226,time-1,CVKEIGYW_V3-23*05
227,time-1,CASTTRYYIDYW_V3-30*03
228,time-1,CAKGRDTAMGFDYW_V3-30*18
229,time-1,CAKCAHKYGRHGMDVW_V3-30*18
230,time-1,CAKSGEIGTTFDAFDIW_V3-30
231,time-1,CAKSRAQTSISWPFYYFASW_V3-30
232,time-1,CARDFSREEYYFDYW_V3-30-3*01
233,time-1,CARDHYDSHGSKNMGPDYW_V3-30-3*01
234,time-1,CARDGFSSSAVRTNWFDPW_V3-30-3*01
235,time-1,CARADWNYVSSGMDVW_V3-30-3*01
236,time-1,CAKLPEYSSSFKDYYYYGMDVW_V3-30-3*02
237,time-1,CARCEYGSNYLIEFW_V3-33*01
238,time-1,CTTTRRGDDFDYW_V3-33*04
239,time-1,CARDNAPIQLWITPDYW_V3-48*01
240,time-1,CGRGYRSNSIDYW_V3-48*01
241,time-1,CGRSYFSHSIDSW_V3-48*01
242,time-1,CVRDGLVFGNFDKW_V3-48*04
243,time-1,CTRENEQWVIHSDYW_V3-49*03
244,time-1,CTREGDFPGIAAAEYW_V3-49*03
245,time-1,CNADHGGVEAFDMW_V3-49*03
246,time-1,CNADHGGLEAFDIW_V3-49*03
247,time-1,CSRSTVTTSDYW_V3-49*03
248,time-1,CATLRRDDCKIFDYW_V3-53*01
249,time-1,CARGPDSSGYPVYW_V3-53*01
250,time-1,CTRNVGELGYW_V3-53*03
251,time-1,CVRSDYNTRTLDLW_V3-64D*06
252,time-1,CVKEDGGNSQFDYW_V3-64D*06
253,time-1,CVNGGREGCAYGIGYW_V3-64D*06
254,time-1,CARATVVTGTRGYYFDYW_V3-66*01
255,time-1,CTTQFGDW_V3-7*01
256,time-1,CARDSGRFYVDNW_V3-7*01
257,time-1,CARDSGRFYVDNW_V3-7*01
258,time-1,CARDWLERVGYDYVWGSYRAIDYW_V3-7*02
259,time-1,CARTPRDANTFLFRGFDLW_V3-7*02
260,time-1,CITGLSGKSSDVGYC_V3-72*01
261,time-1,CARESFWSPDYW_V3-74*01
262,time-1,CARYPRYCGDDCKYFLNW_V3-74*01
263,time-1,CARYPRYCGDDCKYFLNW_V3-74*01
264,time-1,CVKDFVGPSEYW_V3-74*01
265,time-1,CVRGGDTAFDSLDIW_V3-74*01
266,time-1,CTSPQPHGSGYYYHFDYW_V3-74*01
267,time-1,CTSPQPHGSGYYYHFDYW_V3-74*01
268,time-1,CTSPQPHGGDYYYHFDYW_V3-74*01
269,time-1,CTSPQPHGGSYYYHFDYW_V3-74*01
270,time-1,CARGPYYYETDYW_V3-74*01
271,time-1,CASPRRHSSGYYYHFDYW_V3-74*01
272,time-1,CARESFWSPDYW_V3-74*02
273,time-1,CVRHFGSPSEYW_V3-74*02
274,time-1,CAKDVGYRDDVW_V3-74*02
275,time-1,CTSPQPHGSGYYYHFDYW_V3-74*03
276,time-1,CTSPQPHGGNYYYHFDYW_V3-74*03
277,time-1,CASPRRHSSGYYYHFDYW_V3-74*03
278,time-1,CASPRRHSSGYYYHFDYW_V3-74*03
279,time-1,CASPRRHSSGYYYHFDYW_V3-74*03
280,time-1,CASPRRHSSGYYYHFDYW_V3-74*03
281,time-1,CASPRRHSSGYYYHFDYW_V3-74*03
282,time-1,CASPRRYSSGYYYHFDYW_V3-74*03
283,time-1,CASPRRYSSGYYYHFDYW_V3-74*03
284,time-1,CWAYYYDSSGYYFDYW_V3-9*03
285,time-1,CAKDMGGVFGRYYYGMDVW_V3-9*03
286,time-1,CAKEGHGISYLAYDSW_V3-NL1*01
287,time-1,CAKEGHGISYLAYDSW_V3-NL1*01
288,time-1,CARGPNYDSSGYLPRGGMDVW_V3/OR16-13*01
289,time-27,CARRGGGGLYTTDYYENYFDGW_V3
290,time-27,CARGVISPPDSVVVVAAFFDFW_V3
291,time-27,CARDRPNGWELRRRFFQHW_V3
292,time-27,CARASGKLAQWLAGNGYFDNW_V3
293,time-27,CARASGKLAQWLAGNGYFDYW_V3
294,time-27,CAREVSFPLGPFDVW_V3
295,time-27,CAINFYGSSGPLWLGESAFDLW_V3
296,time-27,CARDRVYPYPAFDIW_V3
297,time-27,CARASGKLAQWLAGTGYFDLW_V3
298,time-27,CAKTQYHLERVVVITSGFDYW_V3
299,time-27,CAKETAIIGVAESDYW_V3
300,time-27,CARTSGKLAQWLAGNGYFDYW_V3
301,time-27,CARRRPRGTVMASFDYW_V3
302,time-27,CARERLESSSNYFDYW_V3
303,time-27,CARDLFYFESSGYYASDYW_V3
304,time-27,CAREDKRDGYIDSW_V3
305,time-27,CAREPYYLDASGYHRAFDYW_V3
306,time-27,CVRASGKLAQWLTGTGYFDYW_V3
307,time-27,CVRASGKLAQWLAGNGYFDYW_V3
308,time-27,CARDETMVRGVIMSNPRGLDFW_V3
309,time-27,CARDRVYCVGDCYSGRVNWFDPW_V3
310,time-27,CARDGGCSSTSCYKNWFDPW_V3
311,time-27,CARTFQMSGWFAPW_V3
312,time-27,CTRDPIVEVPAGIQYYYYYGMDVW_V3
313,time-27,CARDEGAGAVSGLDYYFYGMGVW_V3
314,time-27,bad char in seq_V3
315,time-27,CARGSIRVFGVVNANGMDVW_V3
316,time-27,CVREGSCSGAYCYYDAFDFW_V3-11*01
317,time-27,CARDRYGDYGDHW_V3-11*01
318,time-27,CARDRYGDYGDYW_V3-11*01
319,time-27,CARDRYGDYGDYW_V3-11*01
320,time-27,CARDRYGDYGDYW_V3-11*01
321,time-27,CARDRYGDYGDYW_V3-11*01
322,time-27,CARDDSSGYYSVYW_V3-11*01
323,time-27,CARGYKYGSGYFDYW_V3-11*01
324,time-27,CARDRYGDYGDSW_V3-11*01
325,time-27,CARVPSMTRPFNWFDPW_V3-11*01
326,time-27,bad char in seq_V3-11*01
327,time-27,CARDRPSPDSSGWTAYYYYYGMDVW_V3-11*01
328,time-27,CARDRPSPDASGWTAYYYYYGMDVW_V3-11*01
329,time-27,CARFPPIIHGDFAMDVW_V3-11*01
330,time-27,CAGTYYGDYFYGMDVW_V3-11*01
331,time-27,CARDRYGDYGDHW_V3-11*05
332,time-27,CARDRYGDYGDHW_V3-11*05
333,time-27,CARTTIRPHYYENYYYFGMGLW_V3-11*05
334,time-27,CAREGFYYYGMDVW_V3-11*05
335,time-27,CAGTYYGDYFYGMDVW_V3-11*05
336,time-27,CATFYVGYGYKSDYW_V3-11*06
337,time-27,CARDRPSPDISGWTAYYYYYGMDVW_V3-11
338,time-27,WGPPDSRLDDNMDVW_V3-13*01
339,time-27,CTSDHYYDSGVYYPGRFYW_V3-15*01
340,time-27,CTFDFYYFYHW_V3-15*01
341,time-27,CTTMSYYYSSYDPRNWYFDLW_V3-15*01
342,time-27,CTTDFWNKYYFDYW_V3-15*01
343,time-27,CTTDLWFGDHLFDYW_V3-15*01
344,time-27,CTTSNPTDYYDKGTDFGYW_V3-15*01
345,time-27,CTAEALASGELYYW_V3-15*01
346,time-27,CAAEDSSNIPDYW_V3-15*01
347,time-27,CAAEDSSGLIDFW_V3-15*01
348,time-27,CTTESCGGGWNECQNYYGMDVW_V3-15*01
349,time-27,CTTDLGISSYYYGMDVW_V3-15*01
350,time-27,CATETCGGGWNECYNYYGMDVW_V3-15*01
351,time-27,CATETCGGGWNGCSLYFGMDVW_V3-15*02
352,time-27,CATGIWFGDLLHYFW_V3-15*05
353,time-27,CTTGGMELW_V3-15*07
354,time-27,CTTESCGGGWNECNYYFGMDVW_V3-15*07
355,time-27,CTTDTIVEVTTGIPYYYHYGMDVW_V3-15*07
356,time-27,CATESCGGGWNECKNYYGMDVW_V3-15*07
357,time-27,CARQSRLSSAGRVLSLDHW_V3-20*01
358,time-27,CTRDLGDGGDSYNVHDYW_V3-20*01
359,time-27,CARSPTPVETRYLEYFHHW_V3-21*01
360,time-27,CARERVAVSGTKYFDLW_V3-21*01
361,time-27,CARFERENSYSSLDFW_V3-21*01
362,time-27,CARFERENSYSSLDFW_V3-21*01
363,time-27,CARGIFGVFAFDIW_V3-21*01
364,time-27,CARRRPRGTVMASFDYW_V3-21*01
365,time-27,CARRHPRGTVMASFDYW_V3-21*01
366,time-27,CARDAYYDPLPFQYFDYW_V3-21*01
367,time-27,CARAIGDYVWGSYRYW_V3-21*01
368,time-27,CVRVEGTETGSGDRFVDYW_V3-21*01
369,time-27,CARAEEEVAATIDSW_V3-21*01
370,time-27,CGRDIGFTKFSGTDLW_V3-21*01
371,time-27,CARDPFEYSSSPSWFDPW_V3-21*01
372,time-27,CARNIGDAVGYKFYGLDVW_V3-21*01
373,time-27,CAQTLEAGVIMGTWGYDYYGMDVW_V3-21*01
374,time-27,CARNIGDAVGYYYYGLDVW_V3-21*01
375,time-27,CARNIGDAVGYYYYGLDVW_V3-21*01
376,time-27,CARDACPTTNCYADYKGLDVW_V3-21*01
377,time-27,CARDYVGSIFGVGDYYYYGMDVW_V3-21*01
378,time-27,CARGFGVIRGGGMDVW_V3-21*01
379,time-27,CARVPGPLSPDYYYHGMDVW_V3-21*01
380,time-27,CARVPGLLSPDFYYYGMDVW_V3-21*01
381,time-27,CARNLGDIVGYHYYGMDVW_V3-21*01
382,time-27,CAAEEIGSGDYPYGMDVW_V3-21*01
383,time-27,CARVELWFGEPADAFDVW_V3-21*02
384,time-27,CASRGELPDDFW_V3-21*02
385,time-27,CARDLTVSRAFDSW_V3-21*02
386,time-27,CGREDPKYGYNEFDPW_V3-21*02
387,time-27,CVRDGMPLDFWSGYYNWFDPW_V3-21*02
388,time-27,CARVSSPMTIFGRVTHAYGMHVW_V3-21*02
389,time-27,CTKKGIPSVTWYLDYW_V3-23*01
390,time-27,CAKVHHYETNDPSLW_V3-23*01
391,time-27,CAPQLSGDYYDTSAKFKKW_V3-23*01
392,time-27,CAKEGFIAVAGTGLRNW_V3-23*01
393,time-27,CAKDRYRESIAVAEW_V3-23*01
394,time-27,CARDYYHSDDYSVHW_V3-23*01
395,time-27,CAQVLHYYESGPYSTTW_V3-23*01
396,time-27,CAKGPEYLDFSSDLG_V3-23*01
397,time-27,CAKGQQFESVLDFW_V3-23*01
398,time-27,CAREVSFPLGPFDVW_V3-23*01
399,time-27,CAKDLIIW_V3-23*01
400,time-27,CAKVGEDQFEADW_V3-23*01
401,time-27,CAKVGEDQFEADW_V3-23*01
402,time-27,CAKWFHDSFFDIW_V3-23*01
403,time-27,CAKPLRWAGDFDFW_V3-23*01
404,time-27,bad char in seq_V3-23*01
405,time-27,CAKLPDPTVVTAYW_V3-23*01
406,time-27,CAKDYYGSESYYLAGLTRILW_V3-23*01
407,time-27,CAKDRGFAYCTSDCWPGIYDYW_V3-23*01
408,time-27,CAKDLGDYNNYVGVFDYW_V3-23*01
409,time-27,CAKGGYSSGWFLNNFFDYW_V3-23*01
410,time-27,CATAPAGSSGWYFNWW_V3-23*01
411,time-27,CARETRLHGYSFGYAPADYW_V3-23*01
412,time-27,CARDLGGFAYW_V3-23*01
413,time-27,CAVQTYSSGWFVRGLDYW_V3-23*01
414,time-27,CAKGAGYNWLDPW_V3-23*01
415,time-27,CAKDNMIFLSVYRFDPW_V3-23*01
416,time-27,CAKARDYDLLTGYGETPNWFDPW_V3-23*01
417,time-27,CAKAISFGGVIGLFDPW_V3-23*01
418,time-27,CATGSWIRWFDSW_V3-23*01
419,time-27,CVKDPYPYISFDTW_V3-23*01
420,time-27,CAKIQRGNSPYYYGLDVW_V3-23*01
421,time-27,CANLNIGDYGLDVW_V3-23*01
422,time-27,CARGGPVTMIIPLAVW_V3-23*04
423,time-27,CTRGAYNVPLDYW_V3-23*04
424,time-27,CLQSSLDDW_V3-23*04
425,time-27,CAKHDYYDSGSLAYW_V3-23*04
426,time-27,CARGSPSHFDFWSGPVYYFLYW_V3-23*04
427,time-27,CAKDFYGSERYNNVGQW_V3-23*05
428,time-27,CAKGKHEGGIASRIEYW_V3-23*05
429,time-27,CAKVIPAANTMW_V3-23*05
430,time-27,CAKDLGVPGPPRAYEIW_V3-23*05
431,time-27,CAKPYHYDASGYSLDSW_V3-23*05
432,time-27,CAKDHEYCSGGSCYSGLPFDYW_V3-23*05
433,time-27,CAKGERRVATSPQNYW_V3-23*05
434,time-27,CAKNYYGSGSYWRGLFDYW_V3-23*05
435,time-27,CANLYDFWSGYATPFDYW_V3-23*05
436,time-27,CANALWSFGEGVTYW_V3-23*05
437,time-27,CARVSGKLAQWLTGTGYFDYW_V3-23*05
438,time-27,CVKDLWPYYESSSYW_V3-23*05
439,time-27,CVKDVGQWLVELGFDYW_V3-23*05
440,time-27,CAKDWTYDEGYW_V3-23*05
441,time-27,CAKDRVYCVGDCYSGRVNWFDPW_V3-23*05
442,time-27,CAKDIYPPGPTGSYLW_V3-23*05
443,time-27,CAKDRSKQDLVDYYLYYGMNVW_V3-30*02
444,time-27,CAKDRSKQELVDYYLYYGMNVW_V3-30*02
445,time-27,CASSLGLDYW_V3-30*03
446,time-27,CARLAVRGIIIGHCDHW_V3-30*10
447,time-27,CARDRGRTPFSAMDVW_V3-30*10
448,time-27,CAKDPGYAYYFENW_V3-30*18
449,time-27,CAKLGLGAGVDAFDIW_V3-30*18
450,time-27,CAKLGLGDTFDYW_V3-30*18
451,time-27,CAKDRRPLGAVGFRVGFHYW_V3-30*18
452,time-27,CAKDQGYSYGYLYW_V3-30*18
453,time-27,CAKDPGYAYYFESW_V3-30*18
454,time-27,CAKDRRPLGAVGFRVGFHYW_V3-30*18
455,time-27,CAKGALHNGFLIDYW_V3-30*18
456,time-27,CAKDKFGAYYEGGYFDYW_V3-30*18
457,time-27,CAKDPGYSYHFDYW_V3-30*18
458,time-27,CVKDRVGEFYASGTFDDW_V3-30*18
459,time-27,CAKDKGPSAMVLGFDYW_V3-30*18
460,time-27,CAKDPQVYYSSTWQFDSW_V3-30*18
461,time-27,CAKTHNYGGNPDFGIDVW_V3-30*18
462,time-27,CAKSNWPYGMDVW_V3-30*18
463,time-27,CAKDQGIAVAPYYYGMDVW_V3-30*18
464,time-27,CAKTGRIGAGNGMDVW_V3-30*18
465,time-27,CARGRTSSWYFLGPTYYFYAMDVW_V3-30*19
466,time-27,CAKGHCSDGGCYGGWYFDVW_V3-30
467,time-27,CVREFPFCSGGSCYFPGGFDVW_V3-30
468,time-27,CAKDRSKQELVDYYRYYGMNVW_V3-30
469,time-27,CARGELEPSVW_V3-30-3*01
470,time-27,CARGGRVVPIGPRYW_V3-30-3*01
471,time-27,CAREQNRGAYYLDNW_V3-30-3*01
472,time-27,CARGSQLGPYFDYW_V3-30-3*01
473,time-27,bad char in seq_V3-30-3*01
474,time-27,CARDHYYTAGLAWIDPW_V3-30-3*01
475,time-27,CARDDRDCSIRTCYAIDYYYGMDVW_V3-30-3*01
476,time-27,CARPQFPAAHYFYYGMDVW_V3-30-3*01
477,time-27,CARDRPSQVWSGPSGDVW_V3-30-3*01
478,time-27,CARQESVGDYAYLDVW_V3-33*01
479,time-27,CARDKTITFGGVLVDW_V3-33*01
480,time-27,CATDQVTTAPFDYW_V3-33*01
481,time-27,bad char in seq_V3-33*01
482,time-27,CARDGDGPSSGSVLEGLWDYW_V3-33*01
483,time-27,CASGDYHNFDYW_V3-33*01
484,time-27,CARIAATDPGDYW_V3-33*01
485,time-27,CAREFLAMSGIAVSALDSW_V3-33*01
486,time-27,CACDCRFSSGGYDYW_V3-33*01
487,time-27,CATSAVYSSGWERIDYW_V3-33*01
488,time-27,CAREQLEGNYYYGLDVW_V3-33*01
489,time-27,CARDQTITFGGVLVSW_V3-33*02
490,time-27,CARLTSGWFSVDYW_V3-33*02
491,time-27,CARGIDIVVVDGEYHYYGMDVW_V3-33*04
492,time-27,CTRDHSLSGSHYKPFDFW_V3-33*05
493,time-27,CVRDIGVVGNHYYHDVDVW_V3-33*05
494,time-27,CAKDRSKQELVDYYLYYGMNVW_V3-33*06
495,time-27,CVKGFYDSSGIINLRFQHW_V3-43*01
496,time-27,CAKGVQKWVVTTMKGLDW_V3-43*01
497,time-27,CARVRSADCIDGICYDRINDPYPLW_V3-48*02
498,time-27,CARDREDIDAFDIW_V3-48*02
499,time-27,CARSGGWSQSLLWAFDIW_V3-48*02
500,time-27,CARSGGWSQSLLWAFDIW_V3-48*02
501,time-27,CASLPVADAFDIW_V3-48*02
502,time-27,CASLPVADAFDIW_V3-48*02
503,time-27,CARDLAGVSSDAYW_V3-48*02
504,time-27,CVTDRTRDQALEVAYW_V3-48*02
505,time-27,CARDRAGYSSFYGMDVW_V3-48*02
506,time-27,CVRDKTDFGIMDVW_V3-48*02
507,time-27,CASLPVADAFDIW_V3-48*03
508,time-27,CASLPVADAFDIW_V3-48*03
509,time-27,CARVPGLLSPDFYYHGMDVW_V3-48*03
510,time-27,CARVPGLLSPDFYYHGMDVW_V3-48*03
511,time-27,CTRVGDYKKEAFDIW_V3-49*05
512,time-27,CSVFWNYYFDYW_V3-49*05
513,time-27,CSKPMTTSSYYYYGMDVW_V3-49*05
514,time-27,CARGGKGKFFQHW_V3-53*01
515,time-27,CARVVGSGSPATEYFDLW_V3-53*01
516,time-27,CARDPHYGDLRDSFDVW_V3-53*01
517,time-27,CARDPHHGLIRDAFDIW_V3-53*01
518,time-27,CARVLGKLAQWLAGTAYFDNW_V3-53*01
519,time-27,CATRPDNGDFPYFDYW_V3-53*01
520,time-27,CARTSGKLAQWLAGNGYFDYW_V3-53*01
521,time-27,CARRRSSYSSGSHFDYW_V3-53*01
522,time-27,CAREDKRDGYIDYW_V3-53*01
523,time-27,CAREDKRDGYIDSW_V3-53*01
524,time-27,CARELQYHLPDGGCSLESCYSDYW_V3-53*01
525,time-27,bad char in seq_V3-53*01
526,time-27,CARASGKLAQWLAGNGYFDCW_V3-53*01
527,time-27,CARASGKLAQWLAGNGYFDSW_V3-53*01
528,time-27,CARASGKLAQWLAGNGYFDYW_V3-53*01
529,time-27,CARASGKLAQWLAGNGYFDCW_V3-53*01
530,time-27,CARVNPVYQDLWSPWFDPW_V3-53*01
531,time-27,CARDLHLQVDGSNGMDVW_V3-53*01
532,time-27,CARAEYYKGDYWYYGMDVW_V3-53*01
533,time-27,CVRVNPTHYDLWSPWFDPW_V3-53*02
534,time-27,CARDYYHSTDYSVHW_V3-53*03
535,time-27,CARDETAYSGLDVW_V3-53*03
536,time-27,CARGSGLDYW_V3-7*01
537,time-27,CARDLLYFESSGYYASDYW_V3-7*01
538,time-27,CARDLLYFESSGYYASDYW_V3-7*01
539,time-27,CARDEDGAFDYW_V3-7*01
540,time-27,CASAARWLQLQACFDYW_V3-7*01
541,time-27,CARFLFGSESNYFDYW_V3-7*01
542,time-27,CTRAVKGAESGYTYGYYYYGMDVW_V3-7*01
543,time-27,CARLHDWGTAVVVAARNYGMDVW_V3-7*01
544,time-27,CARLYDRGTAVVVAARNNGLDVW_V3-7*01
545,time-27,CAKDGCRSVSCPSRGFYGLDVW_V3-7*01
546,time-27,CTRHVRGYPNWFDPW_V3-73*01
547,time-27,CTVSRDGDYLPGGYYGMDVW_V3-73*01
548,time-27,CTIYYDSTSYYPSLGYW_V3-73*02
549,time-27,CARAEFEIAVTDIPWSAFDVW_V3-74*01
550,time-27,CARLVGATWSDSWFDPW_V3-74*01
551,time-27,CTRDYPQTVSGYHDLW_V3-74*03
552,time-27,CVRDLPSTIIPHLDFW_V3-74*03
553,time-27,CARDNYDYSDAFDVW_V3-74*03
554,time-27,CARVKAKLLQDYW_V3-74*03
555,time-27,CVPAIHDSRSYVW_V3-9*01
556,time-27,CVCAYRHGFW_V3-9*01
557,time-27,CAASRLWFGEFGYW_V3-9*01
558,time-27,CAKEYVAGTLAFEYW_V3-9*01
559,time-27,CVTAGARDW_V3-9*01
560,time-27,CVTAGARDW_V3-9*01
561,time-27,CVTAGARDW_V3-9*01
562,time-27,CAKDMAHVTAREFDLW_V3-9*01
563,time-27,CAKAPYSFGYSLWYFDLW_V3-9*01
564,time-27,CTRDGGFAVW_V3-9*01
565,time-27,CTLGLVNFW_V3-9*01
566,time-27,CAKDIGGW_V3-9*01
567,time-27,CTKLSLGASHPTDTDYW_V3-9*01
568,time-27,CTRPLADYW_V3-9*01
569,time-27,CAKDIFPLARLPLSGRFDYW_V3-9*01
570,time-27,CAKDMETTVSTVGYFDYW_V3-9*01
571,time-27,CAKANIWLGDLLYFDYW_V3-9*01
572,time-27,CAKGEGAMVFFYFDHW_V3-9*01
573,time-27,CAKVCDSSNCW_V3-9*01
574,time-27,CARSLSRAQGYFDCW_V3-9*01
575,time-27,CVIVAGPYDYW_V3-9*01
576,time-27,CVNPTGGFDYW_V3-9*01
577,time-27,CARDCGADCYNPSW_V3-9*01
578,time-27,CGKDLFTC_V3-9*01
579,time-27,CVSTGSFSTLDHW_V3-9*01
580,time-27,CVSSGASCYGAALGCWFESW_V3-9*01
581,time-27,CTKLDLGDNMDVW_V3-9*01
582,time-27,CTHAGMDVW_V3-9*01
583,time-27,CAKDITYDSSGYAYNYYYGMDVW_V3-9*01
584,time-27,CAKDMATVAPYYYYYGLDVW_V3-9*01
585,time-27,CAKDMGPGHILLLELDVW_V3-9*01
586,time-27,CAKDLGAGSTAGRDDYYYGMDVW_V3-9*01
587,time-27,CAKAIGPGCVGGGCQFHYGMDVW_V3-9*01
588,time-27,CAKVRVFGVLVHFGMDVW_V3-9*01
589,time-27,CARKRDFGLTYFGLDVW_V3-9*01
590,time-27,CARQRQFGIAYFGMDVW_V3-9*01
591,time-27,CARDQGAGCGSDCIVLYFYGMDVW_V3-9*01
592,time-27,CVKDSAGGTRYFYYYGMNVW_V3-9*01
593,time-27,CVRGAGLPDVW_V3-9*01
594,time-9,CTRGAIGRSGYPLFRNS_V3
595,time-9,CAKDLGPSSFYDTRGFDFGDW_V3
596,time-9,CARDFYYYFDLW_V3
597,time-9,CASQAPRVGAPRVW_V3
598,time-9,CAKEFRGGLDATAGGVW_V3
599,time-9,CAKWNGLNFVDAFDFW_V3
600,time-9,CAGHTELDIW_V3
601,time-9,CATGKGYLIDDW_V3
602,time-9,CATYNRRPQVDYW_V3
603,time-9,CATYNRRPQVDYW_V3
604,time-9,CARGGSTTSWYWVYW_V3
605,time-9,CARLWGFAPHPW_V3
606,time-9,CASAGPGYCSGSVCSRGFDFW_V3
607,time-9,CSRDCCDRDENMYDFW_V3
608,time-9,CARDPNSASGAYWAYNRFDPW_V3
609,time-9,CARGTHYCSSTSCYVNWLDPW_V3
610,time-9,CARDYYYYIDVW_V3
611,time-9,CAREYYDDSGSVSYYNYYMDVW_V3
612,time-9,CARRRGGPGALVLPTGRFVFWDLRARGIGIADWKICVFEIW_V3-11*01
613,time-9,CARAIRGWHFGSAWFDSW_V3-11*01
614,time-9,CASPATYCGGECHNWFAPW_V3-11*01
615,time-9,CARDFGRRLNVPAAGLSGFW_V3-11*04
616,time-9,CAREFFYKFDSW_V3-11*04
617,time-9,CARAVAGALDCW_V3-11*04
618,time-9,CARWVGGFDYW_V3-11*04
619,time-9,CARPRIGTFDYW_V3-11*04
620,time-9,CARDRVWFGELNAW_V3-11*04
621,time-9,CASPYDISWLGFQHW_V3-11*05
622,time-9,CAWPVRMPNYW_V3-11*05
623,time-9,CTRDPRLLDYW_V3-11*06
624,time-9,CARENFYKFDYW_V3-11
625,time-9,CATGRDGWDYW_V3-13*01
626,time-9,CVTGRDGWDSW_V3-13*01
627,time-9,CARGTSVAGADFSFYSGMDVW_V3-13*01
628,time-9,CIAVGSPPRW_V3-15*01
629,time-9,CNTDRFASPVDIW_V3-15*01
630,time-9,CTTERTEFFEDAFDIW_V3-15*01
631,time-9,CTAIVGGNDEWDHW_V3-15*01
632,time-9,CTAIVGVNDEWDYW_V3-15*01
633,time-9,CTSIVGSYDQWDYW_V3-15*01
634,time-9,CITDPGYWPDKW_V3-15*01
635,time-9,CTAIVGGDDEWDFW_V3-15*01
636,time-9,CTAIVGGDDEWDFW_V3-15*01
637,time-9,CTTDNWVYAMDVW_V3-15*01
638,time-9,CSTDLGLYGLDVW_V3-15*01
639,time-9,CSTDIGYYGLDIW_V3-15*01
640,time-9,CATDTNRRHVDVW_V3-15*01
641,time-9,CTTDSGAYW_V3-15*05
642,time-9,CMTVGSPPRW_V3-15*06
643,time-9,CIAEVDCSGGRCYSGGL_V3-15*07
644,time-9,CITDPGYWPDKW_V3-15*07
645,time-9,CVADNEDDGIPYW_V3-15*07
646,time-9,CARDLPGWTRGGWYFDLW_V3-21*01
647,time-9,CAIGGYTSSWYWRVW_V3-21*01
648,time-9,CATWGQGGAFDIW_V3-21*01
649,time-9,CSRGSGDYLRNDAFEIW_V3-21*01
650,time-9,CSRGSGDYLRTDAFEIW_V3-21*01
651,time-9,CARDSTVTNGEFDYW_V3-21*01
652,time-9,CARAQSSGWYDFPDHW_V3-21*01
653,time-9,CARGGGAPDYW_V3-21*01
654,time-9,CARGSASDFWSGYPTFGNEYW_V3-21*01
655,time-9,CARYDYVWGRTPPDYW_V3-21*01
656,time-9,CARWLQLDGSFDYW_V3-21*01
657,time-9,CARLVGAAYYFDHW_V3-21*01
658,time-9,CARFHFGLPFDYW_V3-21*01
659,time-9,CASYNDYGHPAYW_V3-21*01
660,time-9,CVRHTQRPTYYFDSW_V3-21*01
661,time-9,CARDPPGLGMDVW_V3-21*01
662,time-9,CARARIHFADRSGRYGLDVW_V3-21*01
663,time-9,CARGSDYYDDPYHFDMHVW_V3-21*01
664,time-9,CARDNDGDLADYYYYYYYMDVW_V3-21*01
665,time-9,CARDPYPRGRLESW_V3-21*02
666,time-9,CASIPVAGSWYFDLW_V3-21*02
667,time-9,CVRDGWLKFRGLPDAFDLW_V3-21*02
668,time-9,CAREELTQGHCTTTSCLNYFDSW_V3-21*02
669,time-9,CAKDIWAWTFDFW_V3-23*01
670,time-9,CVKDSLGYSFDFW_V3-23*01
671,time-9,CAKDKYWELVRSGYFDPW_V3-23*01
672,time-9,CAKDLHYW_V3-23*01
673,time-9,CTRWSGFGDLW_V3-23*01
674,time-9,CAKVYSASGIDFSWDLW_V3-23*01
675,time-9,CARDYNYMTGYHSDLGFW_V3-23*01
676,time-9,CAKDGGPGRGAFDIW_V3-23*01
677,time-9,CAKGRRDWVHDAFDIW_V3-23*01
678,time-9,CAKDRDDYGDFDFDFW_V3-23*01
679,time-9,CAKDDYCGLGGCSFDSW_V3-23*01
680,time-9,CAKDWEYYYDSSGAFPDYW_V3-23*01
681,time-9,CAKDWEYYYDSSGAFPDYW_V3-23*01
682,time-9,CAKDNPLDDGIWLGLIDHW_V3-23*01
683,time-9,CAKDVLGWTFDHW_V3-23*01
684,time-9,CAKGHEESLLYEAVSVDYFDFW_V3-23*01
685,time-9,CAKVSTVATIHYFDSW_V3-23*01
686,time-9,CAKDRTDFGDFDFDYW_V3-23*01
687,time-9,CAKDGAADVYYFDFW_V3-23*01
688,time-9,CAKEEVPNDYW_V3-23*01
689,time-9,CATEEVPNDYW_V3-23*01
690,time-9,CVKDSLGYSFDHW_V3-23*01
691,time-9,CVKDSLGYSFDYW_V3-23*01
692,time-9,CAKVGRENSIDMWFDDW_V3-23*01
693,time-9,CTKDGIVVAATYFYYMDVW_V3-23*01
694,time-9,CAKDGHNVIYYYYMDVW_V3-23*01
695,time-9,CAKEEVPNDYW_V3-23*02
696,time-9,CAKEIRGPTIVRYFDYW_V3-23*04
697,time-9,CHFAPYYDFWTGDDTSDVW_V3-23*04
698,time-9,CAKFRTEWDLLGENGFDIW_V3-23*04
699,time-9,CVKDRGSIFGDVW_V3-23*04
700,time-9,CAKLGTTVKPKDMLLDIW_V3-23*04
701,time-9,CAKASGNSYGREYSDYW_V3-23*04
702,time-9,CAKSRSGWYCPACYFDYW_V3-23*04
703,time-9,CAKPPPAGFFFDYW_V3-23*04
704,time-9,CAKENAYNRAFDFW_V3-23*04
705,time-9,CAKCRWELLDQNFFAHW_V3-23*04
706,time-9,CAKCRWELLDQNFFAHW_V3-23*04
707,time-9,CARVRNVDYYDRSGLFRPSRYYFDSW_V3-23*04
708,time-9,CVKAQSGNLPQFDYW_V3-23*04
709,time-9,CAKDVDDYGDYVSDYW_V3-23*04
710,time-9,CAKDWGIGVAGTPIDYW_V3-23*04
711,time-9,CAKPNGRGNWFDSW_V3-23*04
712,time-9,CARDFRVEVVADDWLDPW_V3-23*04
713,time-9,CVKDRGAIFGDVW_V3-23*04
714,time-9,CAKMKGPGRHQDYGMDVW_V3-23*04
715,time-9,CAKWGDSWSGYPFYYHGMDFW_V3-23*04
716,time-9,CARRNHLFDYGMDVW_V3-23*04
717,time-9,CVKDRGTIFGDVW_V3-23*04
718,time-9,CAKDSSSWIYYYMDVW_V3-23*04
719,time-9,CTTVRGIGSCPNW_V3-23*05
720,time-9,CAKEIRGPTIVRYFDYW_V3-23*05
721,time-9,CAKDLHMITFGGVPSPW_V3-23*05
722,time-9,CAKGQPSSPDYYDSSAYYPEYW_V3-23*05
723,time-9,CAKGGCGDGNCWALVFSG_V3-23*05
724,time-9,CAKFGQDWDQWELLGGW_V3-23*05
725,time-9,CATDPNWAGYFW_V3-23*05
726,time-9,CATDPNWAGYFW_V3-23*05
727,time-9,CAAIVIPATNIYW_V3-23*05
728,time-9,CASQAPRVGAPRVW_V3-23*05
729,time-9,CASQAPRVGAPRVW_V3-23*05
730,time-9,CAKDPRSADAFDIW_V3-23*05
731,time-9,CAKDWEYYYDSSGAFPDYW_V3-23*05
732,time-9,CAKDIYHWEFDYW_V3-23*05
733,time-9,CAKDREGRRTEEFDYW_V3-23*05
734,time-9,CAKGPQYQLVWYFDYW_V3-23*05
735,time-9,CVKDKGAIFGDYW_V3-23*05
736,time-9,CVKGLRAMHSW_V3-23*05
737,time-9,CAKDWGGYGSVFDYW_V3-23*05
738,time-9,CATDPNWGGYFW_V3-23*05
739,time-9,CATDPNWGGYFW_V3-23*05
740,time-9,CARDRIGNSGWIDSW_V3-23*05
741,time-9,CAKEIQGFIYQTGLGVFDSW_V3-23*05
742,time-9,CAKVGHNLDHWALLGAW_V3-23*05
743,time-9,CAKVGHNLDHWALLGAW_V3-23*05
744,time-9,CATDPNWGGYFW_V3-23*05
745,time-9,CAKDPQVAYYYYYYYMDVW_V3-23*05
746,time-9,CAREPWGSHRYGDTTDFW_V3-30*03
747,time-9,CANGAFGGRPDFDFW_V3-30*03
748,time-9,CANGAFGGRPDFDFW_V3-30*03
749,time-9,CAKDDASGRYSYYNGVDVW_V3-30*03
750,time-9,CAKGYGLVLMYYFDFW_V3-30*18
751,time-9,CTKEGRVENWHFDLW_V3-30*18
752,time-9,CATLMGHDYGAIRAFDVW_V3-30*18
753,time-9,CAKEFRGGLDATAGGVW_V3-30*18
754,time-9,CAKEFRGGLDATAGGVW_V3-30*18
755,time-9,CAKEFRGGLDATAGGVW_V3-30*18
756,time-9,CAKSPCSDGTCDLYYFDYW_V3-30*18
757,time-9,CAKSDGGYYAFDYW_V3-30*18
758,time-9,CAKDEGDRSLEYYFDSW_V3-30*18
759,time-9,CAKGGGGGGGNTELGYW_V3-30*18
760,time-9,CAKGPSHCTSTSCYGGFDYW_V3-30*18
761,time-9,CAKGGGDYSFDHW_V3-30*18
762,time-9,CVKSTCSDGNCNLYYFDSW_V3-30*18
763,time-9,CAKDLYGSGWYNYFDPW_V3-30*18
764,time-9,CAKFNGGFDPW_V3-30*18
765,time-9,CAKDRSQYNWKDVSAMDVW_V3-30*18
766,time-9,CVKEMEAGGDDFYYGMDVW_V3-30*18
767,time-9,CAKGVVRWGHELNGDYYHYMDVW_V3-30*18
768,time-9,CGLSKVGATDYW_V3-30
769,time-9,CATSPNGGSRLVSW_V3-30
770,time-9,CAKGRGYSTTGGMDVW_V3-30
771,time-9,CARELGSDFELDYW_V3-30-3*01
772,time-9,CVRDFQNGGDIW_V3-30-3*01
773,time-9,CARLPTTTETTGDFDYW_V3-30-3*01
774,time-9,CARDPGSGINGGNYFGYW_V3-30-3*01
775,time-9,CARVAAIAPYPDYW_V3-30-3*01
776,time-9,CARELGADFELDSW_V3-30-3*01
777,time-9,CAREIYLPKWFFDPW_V3-30-3*01
778,time-9,CAKPLSSSVVATSGNDYW_V3-30-3*02
779,time-9,CARAVGEGNSGGYFDYW_V3-33*01
780,time-9,CARERPLTSGASDVFDLW_V3-33*01
781,time-9,CARDDGNGTPGPFGIW_V3-33*01
782,time-9,CARDCSALGPNKDYFDYW_V3-33*01
783,time-9,CARGRTAWSFFDYW_V3-33*01
784,time-9,CARGYISSWGDYW_V3-33*01
785,time-9,CARNSYYFESSGVLGWSDPW_V3-33*01
786,time-9,CARMRRLGGNGPDFW_V3-33*01
787,time-9,CARDFPIVGASSNYGLDVW_V3-33*01
788,time-9,CAREGSLTPGGSDVFDMW_V3-33*02
789,time-9,CARLTSGWFSVDYW_V3-33*02
790,time-9,CARLTSGWFSVDYW_V3-33*02
791,time-9,CTRSKRTVTGFYMDVW_V3-33*02
792,time-9,CARSKRTVIGFYMDVW_V3-33*02
793,time-9,CATEVLGGQGAFDMW_V3-33*03
794,time-9,CARSKNTVNRFYMDVW_V3-33*04
795,time-9,CVRQAPQGLIYAGRYFDYW_V3-33*05
796,time-9,CAKDGVGITSTPTPSFAYW_V3-33*06
797,time-9,CAALRHSNYVGGLDPW_V3-33*06
798,time-9,CARDRLNYYDSSGYYPPGYYYGLDVW_V3-38-3*01
799,time-9,CAKDFSGAMYW_V3-43*01
800,time-9,CAKAECADNCYLTDYW_V3-43*01
801,time-9,CARAAPGQLIPLDYW_V3-43*01
802,time-9,CAKDFSGFQNSLFYFHYMDVW_V3-43*01
803,time-9,CARDRSTGTTYFMDVW_V3-43*01
804,time-9,CAKDLGPSSFYDTRGFDFGDW_V3-43D*01
805,time-9,CARVADGYMNYYFDFW_V3-48*02
806,time-9,CTRGRMYDSIGYYDHW_V3-48*02
807,time-9,CARGRTYDSIGYYDHW_V3-48*02
808,time-9,CATYVSCSTSSCTAPENYYWYFDLW_V3-48*02
809,time-9,CAKATIYDALDVW_V3-48*02
810,time-9,CARDLGIQGAIDFW_V3-48*02
811,time-9,CAKDRDWAFDYW_V3-48*02
812,time-9,CATYNRRPQVDYW_V3-48*02
813,time-9,CAREVFQGSGGFDYW_V3-48*02
814,time-9,CARDRGGTYYIDYW_V3-48*02
815,time-9,CARDLGIQGAIDFW_V3-48*02
816,time-9,CARDLGIQGAIDFW_V3-48*02
817,time-9,CARDLGIQGAIDFW_V3-48*02
818,time-9,CARDLGIQGAIDFW_V3-48*02
819,time-9,CARDASHVEDTDWYYFDYW_V3-48*02
820,time-9,CARDASPVEGTGWYYFDYW_V3-48*02
821,time-9,CARGWLENTFDYW_V3-48*02
822,time-9,CARGWLENTFDCW_V3-48*02
823,time-9,CVRDRDYAFDYW_V3-48*02
824,time-9,CVRDLNWGFDYW_V3-48*02
825,time-9,CVRDLNWGFDYW_V3-48*02
826,time-9,CVRALTQTRVTTGYW_V3-48*02
827,time-9,CCTSCFVDCSLYSW_V3-48*02
828,time-9,CCTSCFVDCSLYSW_V3-48*02
829,time-9,CARQVGSKGSGFYFMDVW_V3-48*02
830,time-9,CAREGRGGFYYYYYMDVW_V3-48*02
831,time-9,CSRSNSRGGYYYFMDVW_V3-48*02
832,time-9,CARGQSSLNTIFRSYFDGW_V3-48*03
833,time-9,CARNSGIFSFW_V3-48*03
834,time-9,CARNSGIYSFW_V3-48*03
835,time-9,CATSRDGKAFDMW_V3-48*03
836,time-9,CARETTVTPDGLDIW_V3-48*03
837,time-9,CTRDQGYGDYWRW_V3-48*03
838,time-9,CATGWNDGCHFDSW_V3-48*03
839,time-9,CARDDGGLEFW_V3-48*03
840,time-9,CARGRLAAAGMIDYW_V3-48*03
841,time-9,CAREVDDNGFDYW_V3-48*03
842,time-9,CARDGGNRGNSAGFDSW_V3-48*03
843,time-9,CARDSPNLNWFDPW_V3-48*03
844,time-9,CARGRGSSW_V3-48*03
845,time-9,CARVWRTEGEGYNCW_V3-48*04
846,time-9,CARQVGSKGSGYYFMDVW_V3-48*04
847,time-9,CARVYASTPYFMDVW_V3-48*04
848,time-9,CTRIGDGFNYAFDYW_V3-49*03
849,time-9,CTRIGDGFNYAFDYW_V3-49*03
850,time-9,CTGGRGWLTDYW_V3-49*03
851,time-9,CTRHISLLMGGDW_V3-49*04
852,time-9,CTRHIVLLMGGDW_V3-49*04
853,time-9,CTRDPHGDDFRGYW_V3-49*04
854,time-9,CTRDRPGTYYPITLDYW_V3-49*04
855,time-9,CTRDPHGDYFRGYW_V3-49*04
856,time-9,CARGLSPRPFDYW_V3-49*04
857,time-9,CTRELWPNTFDPR_V3-49*04
858,time-9,CTREEGATGTDLAEYYGMDVW_V3-49*04
859,time-9,CARGLEWELGHW_V3-53*01
860,time-9,CASSLCSGGSCYAGHFHHW_V3-53*01
861,time-9,CARDLIARAGPVRYFDLW_V3-53*01
862,time-9,CTRGTAGAW_V3-53*01
863,time-9,CAAPLGGFAEGTDAFDFW_V3-53*01
864,time-9,CARDHGYYYSGINRDDAFDIW_V3-53*01
865,time-9,CVRESVNSSSRAFDIW_V3-53*01
866,time-9,CTRDSGVYW_V3-53*01
867,time-9,CACGAGEGAKYYFDYW_V3-53*01
868,time-9,CARDVLGDGYASFDSW_V3-53*01
869,time-9,CARDRIEWSRGHWFDSW_V3-53*01
870,time-9,CARVPGFAW_V3-53*01
871,time-9,CAGRVSGVYHW_V3-53*01
872,time-9,CGRDVGPW_V3-53*01
873,time-9,CGRDVGPW_V3-53*01
874,time-9,CAREPGGHLHYYYGMDVW_V3-53*01
875,time-9,CATDEGYHYMDVW_V3-53*01
876,time-9,CAREGNGRDGFNYLDHW_V3-53*02
877,time-9,CAREGNGRDGFNYLDHW_V3-53*02
878,time-9,CATGAGDGAKYYFDYW_V3-53*03
879,time-9,CARGHCSNGICNNNPEYW_V3-53*03
880,time-9,CAREEISRQTALDIW_V3-64*01
881,time-9,CARETGDYAFDIW_V3-64*01
882,time-9,CAREGIIRRTALDIW_V3-64
883,time-9,CAREPSFGELDFW_V3-64
884,time-9,CARGGSNSAWYWLVW_V3-7*01
885,time-9,CATSAAGLPSW_V3-7*01
886,time-9,CAREFYWLFDHW_V3-7*01
887,time-9,CARESFGYDYDYW_V3-7*01
888,time-9,CASESTSREEGHW_V3-7*01
889,time-9,CVRGAGWLLEYW_V3-7*01
890,time-9,CARGGYSTSWYWRMW_V3-7*01
891,time-9,CARGGSNSAWYWVVW_V3-7*01
892,time-9,CARGGSNSAWYWVVW_V3-7*01
893,time-9,CAIGGYTSSWYWRVW_V3-7*01
894,time-9,CAIGGYTSSWYWRVW_V3-7*01
895,time-9,CATEGVPTTFDAFEVW_V3-7*01
896,time-9,CARGILGDSVAFDLW_V3-7*01
897,time-9,CARGIFGDSVAFDLW_V3-7*01
898,time-9,CARGILGDSVAFDFW_V3-7*01
899,time-9,CTRDENYSERKIYYDAFHIW_V3-7*01
900,time-9,CAKLSWPTVRVFDIW_V3-7*01
901,time-9,CARIPCYGSEICDAFDIW_V3-7*01
902,time-9,CARENWYVFDIW_V3-7*01
903,time-9,CARARVYQGWITDVFGIW_V3-7*01
904,time-9,CARGILGDSVAFDMW_V3-7*01
905,time-9,CARGIFGDSVAFDMW_V3-7*01
906,time-9,CARGDERYDFWSGPNDAFDIW_V3-7*01
907,time-9,CVRDGRYCTNIDCKGDGYDIW_V3-7*01
908,time-9,CTRGHWGRRYW_V3-7*01
909,time-9,CAGWASTNSW_V3-7*01
910,time-9,CARLYGYFDYW_V3-7*01
911,time-9,CARDQGWEQFDYW_V3-7*01
912,time-9,CARDPWELLYW_V3-7*01
913,time-9,CARDPGSSTWYGYFDYW_V3-7*01
914,time-9,CARDPPIIEMETIAVDYW_V3-7*01
915,time-9,CARDPPIMEMDTIAVDYW_V3-7*01
916,time-9,CARDEDGAFDYW_V3-7*01
917,time-9,CARDEDGAFDYW_V3-7*01
918,time-9,CARDEDGAFDYW_V3-7*01
919,time-9,CARDEDGAFDYW_V3-7*01
920,time-9,CARDEDGAFDYW_V3-7*01
921,time-9,CARAVYSSGWHFDYW_V3-7*01
922,time-9,CARGYSFGDFW_V3-7*01
923,time-9,CARSNWAANDYW_V3-7*01
924,time-9,CASETWGAYDYW_V3-7*01
925,time-9,CARSTFSSSDYW_V3-7*01
926,time-9,CARGTVVDQGGSYYRPLDYW_V3-7*01
927,time-9,CARVGSHCSSTSCQSTFRPLDYW_V3-7*01
928,time-9,CARFHFGLPFDYW_V3-7*01
929,time-9,CARFHFGLPFDYW_V3-7*01
930,time-9,CARFYFGLSFDQW_V3-7*01
931,time-9,CAGGGGFLSDYW_V3-7*01
932,time-9,CASVDGWHVMRPNFDYW_V3-7*01
933,time-9,CVRDRGKGSGAYSSPFDYW_V3-7*01
934,time-9,CVRAGYKYGFVDFDYW_V3-7*01
935,time-9,CVRGAGWLLDYW_V3-7*01
936,time-9,CSRGNWNDGGYW_V3-7*01
937,time-9,CSRSNWAANDYW_V3-7*01
938,time-9,CARGTQLPGIDYW_V3-7*01
939,time-9,CAGGNGWLIDSW_V3-7*01
940,time-9,CAGGSGWLSDSW_V3-7*01
941,time-9,CAGGSGWLSDSW_V3-7*01
942,time-9,CVRGGGMHLW_V3-7*01
943,time-9,CATDAGRSGSDDW_V3-7*01
944,time-9,CATDAGRSGSDDW_V3-7*01
945,time-9,CARNGENNKDYMGRWRWFDPW_V3-7*01
946,time-9,CARNLVGERTVDHW_V3-7*01
947,time-9,CARDIGAGWFDVW_V3-7*01
948,time-9,CARPSRVVTPSGLGEYWFESW_V3-7*01
949,time-9,CASWWMAARPGFDPW_V3-7*01
950,time-9,CAGGTGWLESIW_V3-7*01
951,time-9,CARDHSGFDIGPKFYYYGMDVW_V3-7*01
952,time-9,CARDGIGSRIKETTVTFYYYYGMDVW_V3-7*01
953,time-9,CAGGTGWLVTIW_V3-7*01
954,time-9,CVRSSWYPYYGMDVW_V3-7*01
955,time-9,CVREASGMNGMDVW_V3-7*01
956,time-9,CARDEDFYDISGLYIDLW_V3-7*01
957,time-9,CARSDILPGYFSPEYYYMDVW_V3-7*01
958,time-9,CARGSFWSGNVLDVW_V3-7*01
959,time-9,CARSGSYAAMNPW_V3-72*01
960,time-9,CARGIAVAGYTYFDLC_V3-72*01
961,time-9,CVSVLTSIVGVTGALDLW_V3-72*01
962,time-9,CVRGFHGFDIW_V3-72*01
963,time-9,CTRVGPPGIDAFDIW_V3-72*01
964,time-9,CTRVGPPGIDAFDIW_V3-72*01
965,time-9,CTRVGPPGIDAFDIW_V3-72*01
966,time-9,CTVSYFNPSNYW_V3-72*01
967,time-9,CARATYSGAHYDYYYYYMDVW_V3-72*01
968,time-9,CASQLRHTSGYYFEPYW_V3-73*01
969,time-9,CTSGVISSDGSDDYDYW_V3-73*01
970,time-9,CTRIRKVGSTWSGFDFW_V3-74*01
971,time-9,CTRDIGGSRGLW_V3-74*01
972,time-9,CARRKPEAAAGVFDYW_V3-74*01
973,time-9,CAREDFGGHDYW_V3-74*01
974,time-9,CAREAGDGYNSGWYYFDPW_V3-74*01
975,time-9,CARMRKVGSVWSGFEYW_V3-74*01
976,time-9,CAGEVSGKNDHW_V3-74*01
977,time-9,CTTDSMGAW_V3-74*01
978,time-9,CARDAGALRGAFDIW_V3-74*01
979,time-9,CVALDLRRGRAVDIW_V3-74*01
980,time-9,CARRDYFDYW_V3-74*01
981,time-9,CTRDIGGRRAYW_V3-74*01
982,time-9,CTRDIGGRRAYW_V3-74*01
983,time-9,CTRDIGGSRAYW_V3-74*01
984,time-9,CARENYWKFDNW_V3-74*01
985,time-9,CARDLRTVVDDHYFDYW_V3-74*01
986,time-9,CARVSGGVPANYW_V3-74*01
987,time-9,CARSLAWLRYEADYW_V3-74*01
988,time-9,CVRIATVQGANCW_V3-74*01
989,time-9,CATEFYGGLDNW_V3-74*01
990,time-9,CARDLSGRHDYW_V3-74*01
991,time-9,CARVRVADSSWAWW_V3-74*01
992,time-9,CVKTLTDW_V3-74*01
993,time-9,CARDLSGRHDSW_V3-74*01
994,time-9,CARDLSGRYDNW_V3-74*01
995,time-9,CARDHNGYNWFDPW_V3-74*01
996,time-9,CVRAMVGMGWFDRW_V3-74*01
997,time-9,CAGYSWGGMDVW_V3-74*01
998,time-9,CVKDGDCSSTTCFGRPNDNFFYYGMDAW_V3-74*01
999,time-9,CVRGFQGGVLGPHYAMDVW_V3-74*01
1000,time-9,CVRESGLSPLDLDVW_V3-74*01
1001,time-9,CARGDSGHYFDVGLKQYYYYMDVW_V3-74*01
1002,time-9,CLRLEMTW_V3-74*02
1003,time-9,CTRDIGGRRAHW_V3-74*02
1004,time-9,CLRGCSNGVCFGANW_V3-74*02
1005,time-9,CLRGCSNGVCFGANW_V3-74*02
1006,time-9,CARRKPEAAAGVFDYW_V3-74*02
1007,time-9,CARRKPEAAAGVFDYW_V3-74*02
1008,time-9,CARALGYEASW_V3-74*02
1009,time-9,CAGEVSGKNDHW_V3-74*02
1010,time-9,CARGGAEGDYVNLFDYW_V3-74*02
1011,time-9,CARMRKVGSTWSGFDNW_V3-74*02
1012,time-9,CSRDLSGRDDFW_V3-74*02
1013,time-9,CSRDLIGRDDHW_V3-74*02
1014,time-9,CSRDLCGRDDSW_V3-74*02
1015,time-9,CARGGPGSGPW_V3-74*02
1016,time-9,CLRLERTW_V3-74*02
1017,time-9,CTRENWQYVRAFDYW_V3-74*03
1018,time-9,CARALPYEGFDHW_V3-74*03
1019,time-9,CARSSVKPDQW_V3-74*03
1020,time-9,CASFIMGVPHW_V3-74*03
1021,time-9,CAREASFIWDRW_V3-74*03
1022,time-9,CVREYYFSADYW_V3-74*03
1023,time-9,CATLMLVAAFDDFDIW_V3-74*03
1024,time-9,CTRDLGWDHPPDYW_V3-74*03
1025,time-9,CATHSSSWAVDYW_V3-74*03
1026,time-9,CARDYDYDSGASYMAFDYW_V3-74*03
1027,time-9,CARGLNQGVGYGDYC_V3-74*03
1028,time-9,CASLGVKGEVDFW_V3-74*03
1029,time-9,CVRLPVAGTGYW_V3-74*03
1030,time-9,CVRDSSAYYSSGRFFDSW_V3-74*03
1031,time-9,CARDMVGPNDFW_V3-74*03
1032,time-9,CARVRVADSSWAWW_V3-74*03
1033,time-9,CARVRVADSSWAWW_V3-74*03
1034,time-9,CARVRVADSSWAWW_V3-74*03
1035,time-9,CARVRVADSSWAWW_V3-74*03
1036,time-9,CARVRVADSSWAWW_V3-74*03
1037,time-9,CAKEMWATLDPW_V3-74*03
1038,time-9,CAKEMWATLDPW_V3-74*03
1039,time-9,CANIVARQWSSW_V3-74*03
1040,time-9,CVRGNKWFPLDSW_V3-74*03
1041,time-9,CAKGGYQHTLDVW_V3-74*03
1042,time-9,CATESIPTLTYYMDVW_V3-74*03
1043,time-9,CAKDGRGSWGAYAFDIW_V3-9*01
1044,time-9,CVKGTTGYNSGHFDSW_V3-9*01
1045,time-9,CATDHGDLGRLDFW_V3-9*01
1046,time-9,CGTDKAGDLEYW_V3-9*01
1047,time-9,CWCPGKDYW_V3-9*01
1048,time-9,CTMDLLPGGADVW_V3-9*01
1049,time-9,CAKDGTLDIVLVPAAMTGGYYYGLDVW_V3-9*01
1050,time-9,CAKDRGRFFYGVEVW_V3-9*01
1051,time-9,CAKDIRYVSTVYYGMDVW_V3-9*01
1052,time-9,CAKDIRYVSTVYYGMDVW_V3-9*01
1053,time-9,CGKDVKPGGLDVW_V3-9*01
1054,time-9,CGKDYLEWVFTGGMDVW_V3-9*01
1055,time-9,CVKDVTAGGADVW_V3-9*01
1056,time-9,CVKDVTAGGADVW_V3-9*02
1057,time-9,CAKSYSSIPSGETNDAFDIW_V3-9*03
1058,time-9,CARGVPRRGMVTGWGYHFDSW_V3-9*03
1059,time-9,CAKDLRKAGTAASLYGMDVW_V3-NL1*01
1060,time-9,CARESATFEIAVPSGGDFDYRGQGIEGYFDYW_V3/OR16-13*01
1061,time-9,CVREASGMNGMDVW_V3/OR16-9*01
