#,tp,seq_v_rep
0,time-10,VRDSLGYSFD_V3,J,CG3*17
1,time-10,TRGTAG_V3,J3*01,CG3*17
2,time-10,SRGSGDYLRTDAFE_V3,J3*02,CG3*17
3,time-10,ATESWYHFD_V3,J4*02,CG3*17
4,time-10,ARDRVYYDFG_V3,J4*02,CG3*17
5,time-10,ARASGVQRLTNY_V3,J4*02,CG3*17
6,time-10,ARGGLGYCRAGSCYGRVD_V3,J5*02,CG3*17
7,time-10,ARDANRGGDLD_V3,J6*03,CG3*17
8,time-10,ARGIERFNSDGYYSFYMD_V3,J6*03,CG3*17
9,time-10,ARDGKRDIGYDVFD_V3-11*01,J3*01,CG3*17
10,time-10,ARGHWQLE_V3-11*04,J2*01,CG3*17
11,time-10,AHDVN_V3-11*04,J3*02,CG3*17
12,time-10,ARDLNGGFD_V3-11*04,J4*02,CG3*17
13,time-10,ARAVAGALD_V3-11*04,J4*02,CG3*17
14,time-10,ARGFR_V3-11*05,J4*02,CG3*17
15,time-10,ARWNEGMD_V3-11*05,J6*02,CG3*17
16,time-10,VRGRWVSGTYGVV_V3-11,J4*02,CG3*17
17,time-10,ARLKGGFHYGSRDLGYYYGMD_V3-13*01,J6*02,CG3*17
18,time-10,NTAVFSAPLVP_V3-15*01,J1*01,CG3*17
19,time-10,TTEDGH_V3-15*01,J1*01,CG3*17
20,time-10,TTEDLR_V3-15*01,J1*01,CG3*17
21,time-10,TTEDGN_V3-15*01,J1*01,CG3*17
22,time-10,TTAVVAAPYLP_V3-15*01,J1*01,CG3*17
23,time-10,TTAVVAAPYLP_V3-15*01,J1*01,CG3*17
24,time-10,IAVGSPP_V3-15*01,J1*01,CG3*17
25,time-10,TTGVSGSYT_V3-15*01,J4*02,CG3*17
26,time-10,TTDRGSSGWTGLGYFD_V3-15*01,J4*02,CG3*17
27,time-10,TYSRPSILVAIT_V3-15*01,J5*01,CG3*17
28,time-10,TAWGTD_V3-15*01,J5*02,CG3*17
29,time-10,TTDDHRWFH_V3-15*01,J5*02,CG3*17
30,time-10,STDIGYYGLD_V3-15*01,J6*02,CG3*17
31,time-10,STDIGYYGLD_V3-15*01,J6*02,CG3*17
32,time-10,AREGSSDFSFD_V3-20*01,J1*01,CG3*17
33,time-10,ARRMMTTVPEGDAFD_V3-20*01,J3*02,CG3*17
34,time-10,ARDLVEGHVDGFD_V3-21*01,J3*01,CG3*17
35,time-10,ARVKMFHSGFD_V3-21*01,J3*01,CG3*17
36,time-10,AREGVAAADDAFD_V3-21*01,J3*02,CG3*17
37,time-10,AIDQGAFD_V3-21*01,J3*02,CG3*17
38,time-10,SRGSGDYLRNDAFE_V3-21*01,J3*02,CG3*17
39,time-10,SRGSGDYLRNDAFE_V3-21*01,J3*02,CG3*17
40,time-10,SRGSGDYLRIDAFE_V3-21*01,J3*02,CG3*17
41,time-10,SRGSGDFLRSDAFD_V3-21*01,J3*02,CG3*17
42,time-10,ARDYYDTSGYSSTFD_V3-21*01,J4*02,CG3*17
43,time-10,ARDTLGGFD_V3-21*01,J5*01,CG3*17
44,time-10,ARDSFGGFD_V3-21*01,J5*01,CG3*17
45,time-10,ARDPPGLGMD_V3-21*01,J6*02,CG3*17
46,time-10,ARQVAVSYMD_V3-21*01,J6*03,CG3*17
47,time-10,ARGFPIFGVTGHEDYYFYMD_V3-21*01,J6*03,CG3*17
48,time-10,ARVARDNDDYDQHMD_V3-21*01,J6*03,CG3*17
49,time-10,ARDGDNGDYDGYWWHFD_V3-21*02,J2*01,CG3*17
50,time-10,SRGSGDFLRSDAFD_V3-21*02,J3*02,CG3*17
51,time-10,AKEVIEWGSYFD_V3-23*01,J1*01,CG3*17
52,time-10,VKDRGSIFGD_V3-23*01,J3*01,CG3*17
53,time-10,AKGFSGGNPYRAFD_V3-23*01,J3*02,CG3*17
54,time-10,AKGFSGGNPYRAFD_V3-23*01,J3*02,CG3*17
55,time-10,AKHKGLEVPNYCFN_V3-23*01,J4*02,CG3*17
56,time-10,AKPRSGWYVFD_V3-23*01,J4*02,CG3*17
57,time-10,AKDKQDRGTYCSGGSCYSQSSCFD_V3-23*01,J4*02,CG3*17
58,time-10,AKDILQWEFD_V3-23*01,J4*02,CG3*17
59,time-10,AKDHRDGSWVSNSWLMG_V3-23*01,J4*02,CG3*17
60,time-10,AQKRGSPVTTID_V3-23*01,J4*02,CG3*17
61,time-10,ALKGGYCGAISCYASFD_V3-23*01,J4*02,CG3*17
62,time-10,ARKRGSPVTTIE_V3-23*01,J5*01,CG3*17
63,time-10,AKEDRAYSFAD_V3-23*04,J1*01,CG3*17
64,time-10,AKASGNSYGREYSD_V3-23*04,J1*01,CG3*17
65,time-10,VSRIFEHFD_V3-23*04,J1*01,CG3*17
66,time-10,ARDKQDRGKYCHGGTCYSLSSSFD_V3-23*04,J4*02,CG3*17
67,time-10,AQCRWELLDQNFFA_V3-23*04,J4*02,CG3*17
68,time-10,ALKGGYCGAISCYASFD_V3-23*04,J4*02,CG3*17
69,time-10,VNDGQQLGKFD_V3-23*04,J5*01,CG3*17
70,time-10,AKPNGRGNWFD_V3-23*04,J5*02,CG3*17
71,time-10,AKTSSGYSGLTFP_V3-23*05,J3*01,CG3*17
72,time-10,AKDRGANGLRYFD_V3-23*05,J4*02,CG3*17
73,time-10,ATEEVPND_V3-23*05,J4*02,CG3*17
74,time-10,AKDKGSFTEAAVD_V3-23*05,J5*01,CG3*17
75,time-10,AKPDKRGNWID_V3-23*05,J5*02,CG3*17
76,time-10,AKDKDSLTMVQGVIYYYGMD_V3-23*05,J6*02,CG3*17
77,time-10,VKMRGSPTPQYYHMD_V3-23*05,J6*04,CG3*17
78,time-10,ARESSVGYGLD_V3-30*03,J6*02,CG3*17
79,time-10,ASHDSGGQWGGWFD_V3-30*09,J5*02,CG3*17
80,time-10,AKEVGDFD_V3-30*18,J1*01,CG3*17
81,time-10,AKDRTDFGDYYLH_V3-30*18,J1*01,CG3*17
82,time-10,AKEPNYMVNLYYFD_V3-30*18,J4*02,CG3*17
83,time-10,AKGGGGGGGNTELG_V3-30*18,J4*02,CG3*17
84,time-10,AKGPAHCTSTSCYGGFD_V3-30*18,J4*02,CG3*17
85,time-10,AKDLYDDAWGGID_V3-30*18,J4*02,CG3*17
86,time-10,VKDEGIAVRPPHFD_V3-30*18,J4*02,CG3*17
87,time-10,AILNTGTYTASD_V3-30*18,J4*03,CG3*17
88,time-10,VKEEDSGWYRTAD_V3-30*18,J5*01,CG3*17
89,time-10,AKGPGYIPLMD_V3-30*18,J6*03,CG3*17
90,time-10,AKDSSAYGDYDFD_V3-30,J4*01,CG3*17
91,time-10,AQDRTAFGDYYLN_V3-30,J4*02,CG3*17
92,time-10,AKDRGPDTDDYTHYNGLD_V3-30,J6*02,CG3*17
93,time-10,AKGRTAFAAGYFGMD_V3-30,J6*02,CG3*17
94,time-10,VWWGLRQRNGEGD_V3-30-3*01,J1*01,CG3*17
95,time-10,MRGGWIQRWYEAD_V3-30-3*01,J4*02,CG3*17
96,time-10,ARDNGRDFWSGGND_V3-30-3*01,J4*02,CG3*17
97,time-10,AREVAESVEVYYYYAMD_V3-30-3*01,J6*02,CG3*17
98,time-10,ARASYFAMD_V3-30-3*01,J6*02,CG3*17
99,time-10,ARGFCTNTGCPTKYGMD_V3-30-3*01,J6*02,CG3*17
100,time-10,ARDKGQAYSSFK_V3-33*01,J1*01,CG3*17
101,time-10,ARDEGLREFD_V3-33*01,J3*01,CG3*17
102,time-10,ARALQYDTSLVGGFD_V3-33*01,J3*01,CG3*17
103,time-10,ARALEYDTSLVGGFD_V3-33*01,J3*01,CG3*17
104,time-10,ARALEYDTSLVGGFD_V3-33*01,J3*01,CG3*17
105,time-10,VRDGGRDVDTGSLD_V3-33*01,J3*02,CG3*17
106,time-10,AREAPRGWIAAAGYYD_V3-33*01,J4*02,CG3*17
107,time-10,ARLNYDYIWGSYRSGEDD_V3-33*01,J4*02,CG3*17
108,time-10,ARDNFLGYND_V3-33*01,J4*02,CG3*17
109,time-10,ARDPLLYCISYDCSHFD_V3-33*01,J4*02,CG3*17
110,time-10,AKDIRTRVALD_V3-43D*01,J4*02,CG3*17
111,time-10,ARIYHYGVPLD_V3-48*01,J4*02,CG3*17
112,time-10,ARDYLWSFD_V3-48*02,J1*01,CG3*17
113,time-10,ARDSGIAGSID_V3-48*02,J3*01,CG3*17
114,time-10,ATDLHWAFD_V3-48*02,J4*02,CG3*17
115,time-10,ARDLGIQGAID_V3-48*02,J4*02,CG3*17
116,time-10,ARWSIASRSGN_V3-48*02,J4*02,CG3*17
117,time-10,ARGVYSSVWNAHFFD_V3-48*02,J5*02,CG3*17
118,time-10,ARDPSLGATYYYYMD_V3-48*02,J6*03,CG3*17
119,time-10,ARELENWNDARSFD_V3-48*03,J1*01,CG3*17
120,time-10,ARDDGGLE_V3-48*03,J1*01,CG3*17
121,time-10,AREAAAGDFD_V3-48*03,J4*02,CG3*17
122,time-10,ARSWGAAPFD_V3-48*03,J5*02,CG3*17
123,time-10,ARDAGSRGSSKGFD_V3-48*03,J5*02,CG3*17
124,time-10,VRGRYNYGNWFD_V3-48*03,J5*02,CG3*17
125,time-10,ATVGATIAVVPAAINGMD_V3-48*03,J6*02,CG3*17
126,time-10,TRDRPGTYYPITLD_V3-49*02,J4*02,CG3*17
127,time-10,TGWWFN_V3-49*03,J5*01,CG3*17
128,time-10,ARGRDTYPQGPYRFD_V3-49*03,J5*02,CG3*17
129,time-10,TRDPHGDIFRG_V3-49*04,J1*01,CG3*17
130,time-10,TRDPHGDDFRG_V3-49*04,J1*01,CG3*17
131,time-10,TRDFAQGSMTVVAIYD_V3-49*04,J4*02,CG3*17
132,time-10,TRESTGVGPKGYFD_V3-53*01,J1*01,CG3*17
133,time-10,ARENYYYFD_V3-53*01,J4*02,CG3*17
134,time-10,ARENWYRFD_V3-53*01,J4*02,CG3*17
135,time-10,AGAIAYFD_V3-53*01,J4*02,CG3*17
136,time-10,VSSRYNQPD_V3-53*01,J4*02,CG3*17
137,time-10,ARENWWKFD_V3-53*01,J5*01,CG3*17
138,time-10,AREYYYYMD_V3-53*01,J6*03,CG3*17
139,time-10,ARVSRLSGNYYYYMD_V3-53*01,J6*03,CG3*17
140,time-10,ARDLSGVAGGEDGD_V3-53*02,J3*01,CG3*17
141,time-10,ATVRTYNEFESPHYYFD_V3-53*02,J4*02,CG3*17
142,time-10,AREGNGRDGFNYLD_V3-53*02,J4*02,CG3*17
143,time-10,ARGIERFNSDGYYSFYMD_V3-53*02,J6*03,CG3*17
144,time-10,ATRSNIPGHTNALVGN_V3-53*03,J4*02,CG3*17
145,time-10,ARETGDYAFD_V3-64*01,J3*02,CG3*17
146,time-10,ARGGWGWLQLGVD_V3-64*02,J4*02,CG3*17
147,time-10,AREPSFGDLD_V3-64,J3*01,CG3*17
148,time-10,ARPGGRGAWFKTRYYYYYID_V3-66*03,J6*03,CG3*17
149,time-10,AREWNWKFD_V3-7*01,J1*01,CG3*17
150,time-10,AREFYWLFD_V3-7*01,J1*01,CG3*17
151,time-10,ARDGESMTRAVII_V3-7*01,J1*01,CG3*17
152,time-10,ARSSYCNSGSCYSWTNWYFD_V3-7*01,J2*01,CG3*17
153,time-10,AIGGFDSSWYWL_V3-7*01,J2*01,CG3*17
154,time-10,ARGILGDSVAFD_V3-7*01,J3*01,CG3*17
155,time-10,VRIDCSGFGSTCEAFD_V3-7*01,J3*01,CG3*17
156,time-10,ARIPCYGSELCDAFD_V3-7*01,J3*02,CG3*17
157,time-10,ARIPCYGSEICDAFD_V3-7*01,J3*02,CG3*17
158,time-10,ARENWYVFD_V3-7*01,J3*02,CG3*17
159,time-10,VGELGIDAFD_V3-7*01,J3*02,CG3*17
160,time-10,ARAPYGSGRHYYFD_V3-7*01,J4*02,CG3*17
161,time-10,ATRGVDTVDTSIFVD_V3-7*01,J4*02,CG3*17
162,time-10,ARDRSYYDSRGYYNID_V3-7*01,J4*02,CG3*17
163,time-10,ARDPRSGLVPGASD_V3-7*01,J4*02,CG3*17
164,time-10,ARDWVGYWD_V3-7*01,J4*02,CG3*17
165,time-10,ARSTYSSSD_V3-7*01,J4*02,CG3*17
166,time-10,ARSTFSSSD_V3-7*01,J4*02,CG3*17
167,time-10,ARIAAVGSFD_V3-7*01,J4*02,CG3*17
168,time-10,ARFYFGQSYD_V3-7*01,J4*02,CG3*17
169,time-10,ARFYFGQSYD_V3-7*01,J4*02,CG3*17
170,time-10,AEGGRYGDSPLGYFD_V3-7*01,J4*02,CG3*17
171,time-10,VTAKIRSGSSDV_V3-7*01,J4*02,CG3*17
172,time-10,VTAKIRSGSSDV_V3-7*01,J4*02,CG3*17
173,time-10,VRAGYKYGFVDFD_V3-7*01,J4*02,CG3*17
174,time-10,VRGLGVVAAFD_V3-7*01,J4*03,CG3*17
175,time-10,AGGSGWLSD_V3-7*01,J5*01,CG3*17
176,time-10,VVGRRGLD_V3-7*01,J5*01,CG3*17
177,time-10,ARESNFGYSVA_V3-7*01,J5*02,CG3*17
178,time-10,ARESNFGYSVS_V3-7*01,J5*02,CG3*17
179,time-10,ARDIGAGWFD_V3-7*01,J5*02,CG3*17
180,time-10,ARDIGAGWFD_V3-7*01,J5*02,CG3*17
181,time-10,ASWWIAGRPGFD_V3-7*01,J5*02,CG3*17
182,time-10,AGGTGWLVS_V3-7*01,J5*02,CG3*17
183,time-10,VREASGMNGMD_V3-7*01,J6*02,CG3*17
184,time-10,ARSQDYSWNYKNDYYYYMD_V3-7*01,J6*03,CG3*17
185,time-10,AREYYDDSGSVSYYNYYMD_V3-7*01,J6*03,CG3*17
186,time-10,ARDYYYHID_V3-7*01,J6*04,CG3*17
187,time-10,ARVAYTDEGQD_V3-7*03,J4*02,CG3*17
188,time-10,TRVGPPGIDAFD_V3-72*01,J3*02,CG3*17
189,time-10,GRSGSYTHAD_V3-72*01,J4*02,CG3*17
190,time-10,VREGYWNLD_V3-72*01,J4*02,CG3*17
191,time-10,TRLVASIVNGNWGNRLD_V3-72*01,J5*02,CG3*17
192,time-10,TTGSTGGKFYLP_V3-73*01,J1*01,CG3*17
193,time-10,IRQEYGSSGYGEP_V3-73*02,J1*01,CG3*17
194,time-10,VTQEYGSSGYGEP_V3-73*02,J1*01,CG3*17
195,time-10,TRLGRSGTYSGSYNFD_V3-73*02,J4*02,CG3*17
196,time-10,LRLEM_V3-74*01,J,CG3*17
197,time-10,TRDIGGSRG_V3-74*01,J1*01,CG3*17
198,time-10,VREAGDGYNSGWFYFD_V3-74*01,J1*01,CG3*17
199,time-10,VRVDCEGLCDVNDWYFD_V3-74*01,J2*01,CG3*17
200,time-10,TTDSMG_V3-74*01,J3*01,CG3*17
201,time-10,VRSTDSNSSRAFD_V3-74*01,J3*02,CG3*17
202,time-10,TRDIGGSRA_V3-74*01,J4*02,CG3*17
203,time-10,TRDIGGRRA_V3-74*01,J4*02,CG3*17
204,time-10,TRDIGGRRA_V3-74*01,J4*02,CG3*17
205,time-10,TRARYTSSSLWERTFYFD_V3-74*01,J4*02,CG3*17
206,time-10,ARDFGGPSD_V3-74*01,J4*02,CG3*17
207,time-10,ARALIYNLLD_V3-74*01,J4*02,CG3*17
208,time-10,AGGAV_V3-74*01,J4*02,CG3*17
209,time-10,ARDLSGRHD_V3-74*01,J5*01,CG3*17
210,time-10,ARVRVADSSWA_V3-74*01,J5*01,CG3*17
211,time-10,AYDSSRVYHVPGD_V3-74*01,J5*01,CG3*17
212,time-10,TTDSMA_V3-74*01,J5*02,CG3*17
213,time-10,ARENWNYGYWLD_V3-74*01,J5*02,CG3*17
214,time-10,VTSGSYSLNYFD_V3-74*01,J5*02,CG3*17
215,time-10,TTGRYPYFYYYMD_V3-74*01,J6*03,CG3*17
216,time-10,ARDGTSWGYMD_V3-74*01,J6*03,CG3*17
217,time-10,LRLEM_V3-74*02,J,CG3*17
218,time-10,LRGCSNGVCFGA_V3-74*02,J1*01,CG3*17
219,time-10,ARMRKVGSVWSGFE_V3-74*02,J1*01,CG3*17
220,time-10,VRGGTENNYG_V3-74*02,J1*01,CG3*17
221,time-10,TRDIGGRRA_V3-74*02,J4*02,CG3*17
222,time-10,VRANKGD_V3-74*02,J4*02,CG3*17
223,time-10,SRDLIGRDD_V3-74*02,J4*02,CG3*17
224,time-10,VRDVGTMVRGVWNKWFD_V3-74*02,J5*02,CG3*17
225,time-10,LRLER_V3-74*02,J5*02,CG3*17
226,time-10,ARGLNEGVAYGD_V3-74*03,J1*01,CG3*17
227,time-10,ARDGMRGDACD_V3-74*03,J3*01,CG3*17
228,time-10,ARDARDYRAFD_V3-74*03,J3*02,CG3*17
229,time-10,ARDLRGSSYRNFD_V3-74*03,J4*02,CG3*17
230,time-10,ARDYDYDSGASYMAFD_V3-74*03,J4*02,CG3*17
231,time-10,ARDYDYDSGTFYMAYD_V3-74*03,J4*02,CG3*17
232,time-10,ARDMVGPND_V3-74*03,J5*01,CG3*17
233,time-10,ARVRVADSSWA_V3-74*03,J5*01,CG3*17
234,time-10,ARVRVADSSWA_V3-74*03,J5*01,CG3*17
235,time-10,TRDFNWFD_V3-74*03,J5*02,CG3*17
236,time-10,AKDISGQFAPGYFD_V3-9*01,J,CG3*17
237,time-10,AKDISGQFAPGYFD_V3-9*01,J,CG3*17
238,time-10,TKDIKPGGAD_V3-9*01,J1*01,CG3*17
239,time-10,TKDIQPGGAD_V3-9*01,J4*02,CG3*17
240,time-10,AKGVPRRGMVTGWGYYFD_V3-9*01,J4*02,CG3*17
241,time-10,ATDHGDVGRLD_V3-9*01,J4*02,CG3*17
242,time-10,WCPGKD_V3-9*01,J4*02,CG3*17
243,time-10,WCPGKD_V3-9*01,J4*02,CG3*17
244,time-10,WCPGKD_V3-9*01,J4*02,CG3*17
245,time-10,WCPGKD_V3-9*01,J4*02,CG3*17
246,time-10,TKVGVGGSESYHGHGMG_V3-9*01,J6*02,CG3*17
247,time-10,AKDSLRSAYSISAWYDMD_V3-9*01,J6*02,CG3*17
248,time-10,AKAGVYGDLDNYHYGMD_V3-9*01,J6*02,CG3*17
249,time-10,AKDGSSQGYLYYMD_V3-9*01,J6*03,CG3*17
250,time-10,AKDRVVGATRFYYGMD_V3-9*02,J6*02,CG3*17
251,time-10,AKDIYGSRSDAFH_V3-9*03,J3*02,CG3*17
252,time-10,ARGAGGAFD_V3/OR16-13*01,J3*02,CG3*17
253,time-10,TRDIGGRRA_V3/OR16-13*01,J4*02,CG3*17
254,time-11,ARGYCNGGSCYQND_V3,J1*01,CG3*17
255,time-11,AKEGRVQRWHFD_V3,J2*01,CG3*17
256,time-11,ARDSGTCPNFNCHHFD_V3,J4*02,CG3*17
257,time-11,TTYRGASNFD_V3,J4*02,CG3*17
258,time-11,TRDPHALD_V3,J4*02,CG3*17
259,time-11,ARAYSASWYAG_V3,J4*02,CG3*17
260,time-11,ARDRAFSRYD_V3,J5*01,CG3*17
261,time-11,ARDRAFSRYD_V3,J5*01,CG3*17
262,time-11,AKDLQQTAASWHSYYGMD_V3,J6*02,CG3*17
263,time-11,VRDRGGWQLGVYHHYNGMD_V3,J6*02,CG3*17
264,time-11,VKDGPRHYYHYYYMD_V3,J6*03,CG3*17
265,time-11,ATHERYSTTASLG_V3-11*01,J4*02,CG3*17
266,time-11,VTHPLRAPASMQPND_V3-11*01,J5*02,CG3*17
267,time-11,ARDLFYGRWQRLLRVTGD_V3-11*05,J4*02,CG3*17
268,time-11,ARDGGGKRFHLLRTPYGMD_V3-11*05,J6*02,CG3*17
269,time-11,ARSKSGQGFHFD_V3-13*01,J4*02,CG3*17
270,time-11,MTVGSPP_V3-15*01,J1*01,CG3*17
271,time-11,TAGTGRTDND_V3-15*01,J4*02,CG3*17
272,time-11,TAIVGGNDEWD_V3-15*01,J4*02,CG3*17
273,time-11,TWSGVNYLA_V3-15*01,J4*02,CG3*17
274,time-11,TTAVVASIYVP_V3-15*07,J1*01,CG3*17
275,time-11,HTGFNGHNDAFD_V3-15*07,J3*01,CG3*17
276,time-11,NHGGYGDRAFD_V3-15*07,J3*02,CG3*17
277,time-11,ASLVGGTGSFD_V3-21*01,J1*01,CG3*17
278,time-11,AVWVRNDYFE_V3-21*01,J1*01,CG3*17
279,time-11,VSYDFWSGGRNEAFH_V3-21*01,J3*02,CG3*17
280,time-11,ARSNWDLPIPNWFD_V3-21*01,J5*02,CG3*17
281,time-11,ATAGSYGYNYYHYMD_V3-21*01,J6*03,CG3*17
282,time-11,ARDHSGSLILDYMD_V3-21*01,J6*03,CG3*17
283,time-11,ARDFCSGGDCYQYFD_V3-21*02,J4*02,CG3*17
284,time-11,ARVFHPRLGAMD_V3-21*02,J6*02,CG3*17
285,time-11,AKGRNHFFEYFQ_V3-23*01,J1*01,CG3*17
286,time-11,AREMNIGRPRNFFQ_V3-23*01,J1*01,CG3*17
287,time-11,SKDPNGDYIGAFD_V3-23*01,J1*01,CG3*17
288,time-11,AKGSSGSYRRLLYYFD_V3-23*01,J4*02,CG3*17
289,time-11,AKEKVPTTIVDSQD_V3-23*01,J4*02,CG3*17
290,time-11,AKDHRDGWWISYSWLMG_V3-23*01,J4*02,CG3*17
291,time-11,VKFRGAGDRGYYHMD_V3-23*01,J6*03,CG3*17
292,time-11,AKKPNWKNLYYFD_V3-23*04,J,CG3*17
293,time-11,AKWGAQSGSGRYTD_V3-23*04,J1*01,CG3*17
294,time-11,AKKPNWKNLYYFD_V3-23*04,J4*02,CG3*17
295,time-11,AKNLMTGSACYD_V3-23*04,J4*02,CG3*17
296,time-11,AKSLREHSYEILD_V3-23*04,J4*02,CG3*17
297,time-11,VKKPNWKNLYYFD_V3-23*04,J4*02,CG3*17
298,time-11,AKDGEYSGSEFD_V3-23*04,J5*01,CG3*17
299,time-11,ARISSDGGYDTSGANSVFG_V3-23*04,J5*02,CG3*17
300,time-11,AKAYARIYFGMD_V3-23*04,J6*02,CG3*17
301,time-11,ATDPNWAGY_V3-23*05,J1*01,CG3*17
302,time-11,ASSPMDKSAFD_V3-23*05,J3*02,CG3*17
303,time-11,AKGSSGSYRRLLYYFD_V3-23*05,J4*02,CG3*17
304,time-11,AKEKVPTTIVDSQD_V3-23*05,J4*02,CG3*17
305,time-11,ANEIRPND_V3-23*05,J4*02,CG3*17
306,time-11,AKSGYNYSLKWFD_V3-23*05,J5*02,CG3*17
307,time-11,AKAYARIYFGMD_V3-23*05,J6*02,CG3*17
308,time-11,ASSRRLTTSPLVD_V3-30*09,J5*02,CG3*17
309,time-11,AKEGTPRSSNYFD_V3-30*18,J4*02,CG3*17
310,time-11,AKDWQWKELYYFLE_V3-30*18,J4*02,CG3*17
311,time-11,VKEEDSGWYRTAD_V3-30*18,J5*01,CG3*17
312,time-11,AKDTMTIAVVGNRFRYGMD_V3-30*18,J6*02,CG3*17
313,time-11,AKDRGNWNPYNYYGLD_V3-30*18,J6*02,CG3*17
314,time-11,AKDLQSNYDYYTGLD_V3-30*18,J6*02,CG3*17
315,time-11,AKDWQWKELYYFLE_V3-30,J4*02,CG3*17
316,time-11,MRGGWIQRWYEAD_V3-30-3*01,J4*02,CG3*17
317,time-11,ARGPQGSSGWLEWVGD_V3-30-3*01,J4*02,CG3*17
318,time-11,ARDPGSGINGGNYFG_V3-30-3*01,J4*02,CG3*17
319,time-11,ARDPLLSVITSAFFSPNYFD_V3-30-3*01,J5*02,CG3*17
320,time-11,AGGPQLGYYYGMD_V3-30-3*03,J6*02,CG3*17
321,time-11,ARAVGEGNSGGYFD_V3-33*01,J1*01,CG3*17
322,time-11,ARWAGTYPTYYFD_V3-33*01,J1*01,CG3*17
323,time-11,ARAVYTSALD_V3-33*01,J4*02,CG3*17
324,time-11,ARGYCNGGSCYQND_V3-33*02,J1*01,CG3*17
325,time-11,SRDIGYFDTD_V3-33*02,J4*02,CG3*17
326,time-11,AKSLSYYSSSSSPD_V3-33*05,J4*02,CG3*17
327,time-11,VKGRDDYGD_V3-43*01,J,CG3*17
328,time-11,IRAGVAVVITACPG_V3-43*01,J4*02,CG3*17
329,time-11,ARDSSGS_V3-48*02,J1*01,CG3*17
330,time-11,AREDRVGGEGAFD_V3-48*02,J3*02,CG3*17
331,time-11,ATSLWDQLVD_V3-48*02,J4*02,CG3*17
332,time-11,ATSLWDQLPD_V3-48*02,J4*02,CG3*17
333,time-11,ARDQNWAFE_V3-48*02,J4*02,CG3*17
334,time-11,ARGWRENSFD_V3-48*02,J4*02,CG3*17
335,time-11,ARGRWFAEPYLD_V3-48*02,J4*02,CG3*17
336,time-11,ARDRAFSRYD_V3-48*02,J5*01,CG3*17
337,time-11,ARVWSSGWTLD_V3-48*02,J5*01,CG3*17
338,time-11,ARDIDYHDRRGDKWYDAFD_V3-48*03,J3*01,CG3*17
339,time-11,ARDSGTCPNFNCHHFD_V3-48*03,J4*02,CG3*17
340,time-11,ARDSGTCPNFNCHHFD_V3-48*03,J4*02,CG3*17
341,time-11,ARDSGRTGSWD_V3-48*03,J4*02,CG3*17
342,time-11,TRGYVGASRGHYGMD_V3-48*03,J6*02,CG3*17
343,time-11,TRDPSESCSGTDCYTRSVYGLD_V3-49*02,J6*02,CG3*17
344,time-11,TRDPSESCSGTDCYTRSVYGLD_V3-49*02,J6*02,CG3*17
345,time-11,TGGRGWLTD_V3-49*03,J4*02,CG3*17
346,time-11,ATSSCGDCFQVD_V3-49*03,J5*02,CG3*17
347,time-11,ARPRIGWDGYSLA_V3-53*01,J,CG3*17
348,time-11,ARGGDNWNYGEGFE_V3-53*01,J1*01,CG3*17
349,time-11,ARGRTLDYGDYFD_V3-53*01,J1*01,CG3*17
350,time-11,ATSTRGWGPDGFD_V3-53*01,J3*01,CG3*17
351,time-11,ARDELNYADNAFD_V3-53*01,J3*02,CG3*17
352,time-11,ARDAPYYYASGSNAFD_V3-53*01,J3*02,CG3*17
353,time-11,ATGFSTIRPD_V3-53*01,J4*02,CG3*17
354,time-11,VRDGPPGGPDFFIG_V3-53*01,J4*02,CG3*17
355,time-11,VRESTGVGPKGFFD_V3-53*01,J4*02,CG3*17
356,time-11,ARDVG_V3-53*01,J5*02,CG3*17
357,time-11,GRDVG_V3-53*01,J5*02,CG3*17
358,time-11,ARESGTGYYFD_V3-53*02,J4*02,CG3*17
359,time-11,ARDGSGGYYFD_V3-53*02,J4*02,CG3*17
360,time-11,TSCQPLYYCGMD_V3-53*02,J6*02,CG3*17
361,time-11,ATSTRGWGPDGFD_V3-53*03,J3*01,CG3*17
362,time-11,ATGFSTIRPD_V3-53*03,J4*02,CG3*17
363,time-11,ATGFSTIRPD_V3-53*03,J4*02,CG3*17
364,time-11,AREGEDRRTALD_V3-64*01,J3*02,CG3*17
365,time-11,TRQGMHNFE_V3-7*01,J,CG3*17
366,time-11,TRPWNDYVP_V3-7*01,J,CG3*17
367,time-11,ARDFIYVT_V3-7*01,J,CG3*17
368,time-11,TREKWIFD_V3-7*01,J1*01,CG3*17
369,time-11,AREFYWLFD_V3-7*01,J1*01,CG3*17
370,time-11,ARDLILS_V3-7*01,J1*01,CG3*17
371,time-11,ARDEDYYDSSGLYID_V3-7*01,J1*01,CG3*17
372,time-11,ARYCSGPRCPEYYFD_V3-7*01,J1*01,CG3*17
373,time-11,ARDDTKIDNSVYYDVLD_V3-7*01,J3*01,CG3*17
374,time-11,ARDLTPYSNNWYDALD_V3-7*01,J3*01,CG3*17
375,time-11,ASDAFSIGGTLDTFD_V3-7*01,J3*01,CG3*17
376,time-11,ASHMIQGGTFD_V3-7*01,J3*01,CG3*17
377,time-11,ASHMIQGGTFD_V3-7*01,J3*01,CG3*17
378,time-11,AKHSGRYYSDAFD_V3-7*01,J3*02,CG3*17
379,time-11,ARDLTPYSNNWYDALD_V3-7*01,J3*02,CG3*17
380,time-11,ARDPPGPGSYFD_V3-7*01,J4*02,CG3*17
381,time-11,ARDPSSDSSGWYYFD_V3-7*01,J4*02,CG3*17
382,time-11,ARGAYTGGWYPDYFD_V3-7*01,J4*02,CG3*17
383,time-11,AGGNGWLPE_V3-7*01,J4*02,CG3*17
384,time-11,VAGHGWLPD_V3-7*01,J4*02,CG3*17
385,time-11,ARNLGWQQFD_V3-7*01,J5*01,CG3*17
386,time-11,ARDRAFSRYD_V3-7*01,J5*01,CG3*17
387,time-11,ARDRAFSRYD_V3-7*01,J5*01,CG3*17
388,time-11,VVGRRGLD_V3-7*01,J5*01,CG3*17
389,time-11,TTDLNWNS_V3-7*01,J5*02,CG3*17
390,time-11,TTDLNWNC_V3-7*01,J5*02,CG3*17
391,time-11,ARHGFYSLD_V3-7*01,J5*02,CG3*17
392,time-11,AGGTGWLVS_V3-7*01,J5*02,CG3*17
393,time-11,TKNGDWTPYRHSLD_V3-7*01,J6*03,CG3*17
394,time-11,ARDYRYYMD_V3-7*01,J6*04,CG3*17
395,time-11,AGGDDSE_V3-7*01,J6*04,CG3*17
396,time-11,ARDADYFQNNMWYDGFD_V3-7*03,J3*01,CG3*17
397,time-11,VRVQAAGCYSCGMD_V3-72*01,J6*02,CG3*17
398,time-11,ARGLISTDQGFD_V3-73*02,J2*01,CG3*17
399,time-11,VRGGKGYFD_V3-74*01,J1*01,CG3*17
400,time-11,AREGEYNSPTT_V3-74*01,J1*01,CG3*17
401,time-11,ARDLGGSAG_V3-74*01,J1*01,CG3*17
402,time-11,ARGGEYNSPTT_V3-74*01,J1*01,CG3*17
403,time-11,ARGGEYNSPTT_V3-74*01,J1*01,CG3*17
404,time-11,ARGGEYNSPTT_V3-74*01,J1*01,CG3*17
405,time-11,ARGGEYNSPTT_V3-74*01,J1*01,CG3*17
406,time-11,ARGGEYNSPTT_V3-74*01,J1*01,CG3*17
407,time-11,ARGGEYNSPTT_V3-74*01,J1*01,CG3*17
408,time-11,ARGGEYNSPTT_V3-74*01,J1*01,CG3*17
409,time-11,ARGGEYNSPTT_V3-74*01,J1*01,CG3*17
410,time-11,ARGGEYNSPTT_V3-74*01,J1*01,CG3*17
411,time-11,ARGGEYNSPTA_V3-74*01,J1*01,CG3*17
412,time-11,ARGGEYNSPTA_V3-74*01,J1*01,CG3*17
413,time-11,ARGGEYNSPTS_V3-74*01,J1*01,CG3*17
414,time-11,ARGGEYNSPTS_V3-74*01,J1*01,CG3*17
415,time-11,VRGGEYNSPTT_V3-74*01,J1*01,CG3*17
416,time-11,ARHRPTSITVSGSIVDAFD_V3-74*01,J3*01,CG3*17
417,time-11,ARGGEYNSPTT_V3-74*01,J3*01,CG3*17
418,time-11,TRDLGGARG_V3-74*01,J4*02,CG3*17
419,time-11,AGDVSGKDD_V3-74*01,J4*02,CG3*17
420,time-11,TRDIGGRRA_V3-74*01,J4*02,CG3*17
421,time-11,TRDIGGRRA_V3-74*01,J4*02,CG3*17
422,time-11,TRDIGGRRA_V3-74*01,J4*02,CG3*17
423,time-11,TRDIGGRRA_V3-74*01,J4*02,CG3*17
424,time-11,TRDIGGKWA_V3-74*01,J4*02,CG3*17
425,time-11,ARDLSGPFD_V3-74*01,J4*02,CG3*17
426,time-11,ARGGEYNSPTT_V3-74*01,J4*02,CG3*17
427,time-11,ARGGEYNSPTT_V3-74*01,J4*02,CG3*17
428,time-11,AGDLSGRND_V3-74*01,J4*02,CG3*17
429,time-11,SRDLSGRDD_V3-74*01,J4*02,CG3*17
430,time-11,ARGGEYNSPTT_V3-74*01,J5*01,CG3*17
431,time-11,ARGGEYNSPTT_V3-74*01,J5*01,CG3*17
432,time-11,ARDLSGRHD_V3-74*01,J5*02,CG3*17
433,time-11,TRDPGRNWFD_V3-74*01,J5*02,CG3*17
434,time-11,ARPFINSLPDGFD_V3-74*01,J5*02,CG3*17
435,time-11,ARGTGRSIPRIEFQRFD_V3-74*01,J5*02,CG3*17
436,time-11,AREVANVNYMD_V3-74*01,J6*04,CG3*17
437,time-11,ARGGEYNSPTT_V3-74*02,J1*01,CG3*17
438,time-11,ARGGEYNSPTT_V3-74*02,J1*01,CG3*17
439,time-11,ARGGEYNSPTT_V3-74*02,J1*01,CG3*17
440,time-11,ARGGEYNSPTT_V3-74*02,J1*01,CG3*17
441,time-11,ARGGEYNSPTT_V3-74*02,J1*01,CG3*17
442,time-11,ARGGEYNSPTA_V3-74*02,J1*01,CG3*17
443,time-11,AGDLSGRND_V3-74*02,J4*02,CG3*17
444,time-11,VYDSTGYYHVPGD_V3-74*02,J4*02,CG3*17
445,time-11,SRDLSGRDD_V3-74*02,J4*02,CG3*17
446,time-11,TRDPGRNWFD_V3-74*02,J5*02,CG3*17
447,time-11,ARPFINSLPDGFD_V3-74*02,J5*02,CG3*17
448,time-11,ARDPGRNWFD_V3-74*02,J5*02,CG3*17
449,time-11,ARDPGRNWFD_V3-74*02,J5*02,CG3*17
450,time-11,AREGITAGDYYYYAMD_V3-74*02,J6*02,CG3*17
451,time-11,ARGGEYNSPTT_V3-74*03,J1*01,CG3*17
452,time-11,VTADGVTSAL_V3-74*03,J1*01,CG3*17
453,time-11,ARDVPHSNFD_V3-74*03,J2*01,CG3*17
454,time-11,TRPNWGSRLPGAFD_V3-74*03,J3*01,CG3*17
455,time-11,TSPMMGYSLGYS_V3-74*03,J3*01,CG3*17
456,time-11,AKLGAITAANPNGDALD_V3-74*03,J3*01,CG3*17
457,time-11,ARPNWGSTLPGAFD_V3-74*03,J3*01,CG3*17
458,time-11,ARPNWGSTLPGAFD_V3-74*03,J3*02,CG3*17
459,time-11,ARPNWGSTLPGAFD_V3-74*03,J3*02,CG3*17
460,time-11,ARPNWGSTLPGAFD_V3-74*03,J3*02,CG3*17
461,time-11,ARPNWGSTLPGAFD_V3-74*03,J3*02,CG3*17
462,time-11,ARPNWGSTLPGAFD_V3-74*03,J3*02,CG3*17
463,time-11,ARPNWGSTLPGAFD_V3-74*03,J3*02,CG3*17
464,time-11,ARPNWGSTLPGAFD_V3-74*03,J3*02,CG3*17
465,time-11,TRGNWGFD_V3-74*03,J4*02,CG3*17
466,time-11,ATFRSVYYGAGSPD_V3-74*03,J4*02,CG3*17
467,time-11,ARRDYFD_V3-74*03,J4*02,CG3*17
468,time-11,ARVVGGTRGSAD_V3-74*03,J4*02,CG3*17
469,time-11,ARPFINSLPDGFD_V3-74*03,J5*02,CG3*17
470,time-11,ARPFINSLPDGFD_V3-74*03,J5*02,CG3*17
471,time-11,ARPFINSLPDGFD_V3-74*03,J5*02,CG3*17
472,time-11,ARPFINSLPDGFD_V3-74*03,J5*02,CG3*17
473,time-11,VKVNAFGRYEGVNYNYYMD_V3-74*03,J6*03,CG3*17
474,time-11,IKDILPGGLD_V3-9*01,J1*01,CG3*17
475,time-11,ARDIRNHYDSSGYFG_V3-9*01,J1*01,CG3*17
476,time-11,VRHRQHGSEGSPFD_V3-9*01,J3*01,CG3*17
477,time-11,VRHRQHGSEGSPFD_V3-9*01,J3*01,CG3*17
478,time-11,LGLGLNDNGDYFEPYD_V3-9*01,J3*02,CG3*17
479,time-11,IKDVTAGGLD_V3-9*01,J6*02,CG3*17
480,time-11,AKDSLRSAYSISAWYDMD_V3-9*01,J6*02,CG3*17
481,time-11,AKSQQLDYYYYGFD_V3-9*02,J6*02,CG3*17
482,time-11,VKGTATVTTQADVFE_V3-9*03,J3*02,CG3*17
483,time-11,ARGGEYNSPTT_V3/OR16-13*01,J1*01,CG3*17
484,time-11,ARGGEYNSPTT_V3/OR16-13*01,J1*01,CG3*17
485,time-11,ARGGEYNSPTS_V3/OR16-13*01,J1*01,CG3*17
486,time-11,ARDHYSGSGNYWGGAPN_V3/OR16-13*01,J3*02,CG3*17
487,time-11,ARPNWGSTLPGAFD_V3/OR16-13*01,J3*02,CG3*17
488,time-12,AKGKYYDSPGYYSEYFQ_V3,J1*01,CG3*17
489,time-12,TKEGRVENWHFD_V3,J2*01,CG3*17
490,time-12,AKVLIPALLIGYCSGGSCYSGAFD_V3,J3*02,CG3*17
491,time-12,AKDRRGYNDYAD_V3,J4*02,CG3*17
492,time-12,ARHYPLGRPYYFD_V3,J4*02,CG3*17
493,time-12,ARGSGYYDNSGHGEYYFD_V3,J4*02,CG3*17
494,time-12,VKDWAWNYEGPAYFFE_V3,J4*02,CG3*17
495,time-12,ARDRGRVGYNWNPE_V3,J5*02,CG3*17
496,time-12,AKDLWLVQDPHNYGMD_V3,J6*02,CG3*17
497,time-12,VKGAGLLGYFYMD_V3,J6*03,CG3*17
498,time-12,ARDFEMASTQYYFE_V3-11*01,J4*02,CG3*17
499,time-12,ARSPHYGGNPGGWFD_V3-11*01,J5*02,CG3*17
500,time-12,ARSPHYGGNPGGWFD_V3-11*01,J5*02,CG3*17
501,time-12,ARAVYDGGWS_V3-11*04,J1*01,CG3*17
502,time-12,VRLRRYCDDCFEYYFD_V3-11*04,J4*02,CG3*17
503,time-12,ARDLSHYYFYYMD_V3-11*06,J6*04,CG3*17
504,time-12,ARESWFSVD_V3-11,J6*02,CG3*17
505,time-12,ARGGRESDYYGMD_V3-13*01,J6*02,CG3*17
506,time-12,SRDLIGRDD_V3-13*02,J4*02,CG3*17
507,time-12,HTGFNGHNDAFD_V3-15*01,J3*01,CG3*17
508,time-12,TSIVGGNDEWD_V3-15*01,J4*02,CG3*17
509,time-12,TWVGLTYHD_V3-15*01,J4*02,CG3*17
510,time-12,TYSRPSILVAIG_V3-15*01,J5*02,CG3*17
511,time-12,TTDNWVYAMD_V3-15*01,J6*02,CG3*17
512,time-12,TTDLGYCNGVKCYWTYGMD_V3-15*01,J6*02,CG3*17
513,time-12,STDIGYYGLD_V3-15*01,J6*02,CG3*17
514,time-12,TTQPSRNYPYYFD_V3-15*07,J4*02,CG3*17
515,time-12,TYSRPSILVAIG_V3-15,J5*02,CG3*17
516,time-12,TKDGGGDCYSGGIWCWFD_V3-20*01,J5*02,CG3*17
517,time-12,ASLVGGTGSFD_V3-21*01,J1*01,CG3*17
518,time-12,ASLVGGTGSFD_V3-21*01,J1*01,CG3*17
519,time-12,ASLVGGTGSFD_V3-21*01,J1*01,CG3*17
520,time-12,AKIGVVANWYFD_V3-21*01,J2*01,CG3*17
521,time-12,ARDITRDAHID_V3-21*01,J4*02,CG3*17
522,time-12,ARVGYSHAID_V3-21*01,J4*02,CG3*17
523,time-12,ARDGRVGLATRLNWFD_V3-21*01,J5*02,CG3*17
524,time-12,ARDRKLEGQMGYYYYGMD_V3-21*01,J6*02,CG3*17
525,time-12,ARDHRVPTGFFYMD_V3-21*01,J6*03,CG3*17
526,time-12,SRGSGDFLRTDAFE_V3-21*02,J3*02,CG3*17
527,time-12,TIDPSAGVVRDWDDAG_V3-21*02,J4*02,CG3*17
528,time-12,AKGSSGSYRRLLYYFD_V3-23*01,J1*01,CG3*17
529,time-12,AKDDYGDFSDFD_V3-23*01,J1*01,CG3*17
530,time-12,AKSPSHFFEYFH_V3-23*01,J1*01,CG3*17
531,time-12,ATEGLELVDFD_V3-23*01,J1*01,CG3*17
532,time-12,ARWGGWLP_V3-23*01,J1*01,CG3*17
533,time-12,VKDKQDRGTYCVGDICYSRSSSFD_V3-23*01,J4*02,CG3*17
534,time-12,AKNLMTGSACYD_V3-23*01,J4*02,CG3*17
535,time-12,AKDIYHWVFD_V3-23*01,J4*02,CG3*17
536,time-12,AKDIYYWEFD_V3-23*01,J4*02,CG3*17
537,time-12,AKGDYDLLTTV_V3-23*01,J4*02,CG3*17
538,time-12,AKYGQNRDHWELIG_V3-23*01,J5*02,CG3*17
539,time-12,AKDHRDGWWISYSWLMG_V3-23*02,J4*02,CG3*17
540,time-12,AKKPNWKNLYYFD_V3-23*04,J,CG3*17
541,time-12,TKDYYRRAEMAATLD_V3-23*04,J1*01,CG3*17
542,time-12,AKWRAQSGSGRYID_V3-23*04,J1*01,CG3*17
543,time-12,AKWGAQSGSGRYTD_V3-23*04,J1*01,CG3*17
544,time-12,AKWGAQSGSGRYTD_V3-23*04,J1*01,CG3*17
545,time-12,VKDRGSIFGD_V3-23*04,J3*01,CG3*17
546,time-12,TKELNYNSGW_V3-23*04,J4*02,CG3*17
547,time-12,AKNLMTGSACYD_V3-23*04,J4*02,CG3*17
548,time-12,AKHFYYSDSSGHYLPD_V3-23*04,J4*02,CG3*17
549,time-12,AKDLESGYYVRNYFD_V3-23*04,J4*02,CG3*17
550,time-12,AKAPSVATIYFD_V3-23*04,J4*02,CG3*17
551,time-12,AKVARWLKLGESD_V3-23*04,J4*02,CG3*17
552,time-12,AKKPNWKNLYYFD_V3-23*04,J4*02,CG3*17
553,time-12,ATQGLA_V3-23*04,J4*02,CG3*17
554,time-12,ARWGAQSGSGRFTD_V3-23*04,J4*02,CG3*17
555,time-12,AKDHLEFRNFFD_V3-23*04,J5*02,CG3*17
556,time-12,AKAYLRQSTVSDYYSMD_V3-23*04,J6*02,CG3*17
557,time-12,ASQNDYPTHYYGMN_V3-23*04,J6*02,CG3*17
558,time-12,AKDIWAWTFD_V3-23*05,J,CG3*17
559,time-12,AKDRWFSPITVTTFSLFD_V3-23*05,J1*01,CG3*17
560,time-12,ATEEVPND_V3-23*05,J1*01,CG3*17
561,time-12,ATDPNWAGY_V3-23*05,J1*01,CG3*17
562,time-12,ATDPNWAGY_V3-23*05,J1*01,CG3*17
563,time-12,ATDPNWATY_V3-23*05,J1*01,CG3*17
564,time-12,AKCRDSYGNDAFH_V3-23*05,J3*02,CG3*17
565,time-12,AKMGLRLNYFD_V3-23*05,J4*02,CG3*17
566,time-12,AKLRGRDYSLYYFD_V3-23*05,J4*02,CG3*17
567,time-12,AKDLKVTTHAGYGEYE_V3-23*05,J4*02,CG3*17
568,time-12,ATEEVPND_V3-23*05,J4*02,CG3*17
569,time-12,AKRASGDYGWGD_V3-23*05,J5*01,CG3*17
570,time-12,ATDPNWGGY_V3-23*05,J5*01,CG3*17
571,time-12,AKSTCSGGSCSLYYFD_V3-30*02,J4*02,CG3*17
572,time-12,ARDEGTYNFWSGFID_V3-30*03,J1*01,CG3*17
573,time-12,ARAHSDRWYAA_V3-30*14,J4*02,CG3*17
574,time-12,VKDYFTGYYD_V3-30*18,J1*01,CG3*17
575,time-12,AKEGRVERWHFD_V3-30*18,J2*01,CG3*17
576,time-12,TKDGDHYYDSSGYYLRLGAE_V3-30*18,J4*02,CG3*17
577,time-12,TTYRGASNFD_V3-30*18,J4*02,CG3*17
578,time-12,AKSLSYYSSSSSPD_V3-30*18,J4*02,CG3*17
579,time-12,AKSLSYYSSSSSPD_V3-30*18,J4*02,CG3*17
580,time-12,AKDWAWTYEGPAYFLE_V3-30*18,J4*02,CG3*17
581,time-12,AILNTGTYTSSD_V3-30*18,J4*02,CG3*17
582,time-12,AKVWGSLRTTMTMFD_V3-30*18,J5*02,CG3*17
583,time-12,AKDLASNYDYYNAMD_V3-30*18,J6*02,CG3*17
584,time-12,AKDEYGGYVLGVYYGMD_V3-30*18,J6*02,CG3*17
585,time-12,AKDLRKAGTAASLYGMD_V3-30*18,J6*02,CG3*17
586,time-12,AKDMWLIQDPHNYGMD_V3-30*18,J6*02,CG3*17
587,time-12,AKDMWLIQDPHNYGMD_V3-30*18,J6*02,CG3*17
588,time-12,AKDQNWNDEYKYGMD_V3-30*18,J6*02,CG3*17
589,time-12,AKDQTWNDDYKDGMD_V3-30*18,J6*02,CG3*17
590,time-12,ANDVVSSTSLYGMD_V3-30*18,J6*02,CG3*17
591,time-12,AGSIGESSSHQNYYMD_V3-30*18,J6*03,CG3*17
592,time-12,AKDWQWKELYYFLE_V3-30,J4*02,CG3*17
593,time-12,AKDWQWKELYYFLE_V3-30,J4*02,CG3*17
594,time-12,ARAHSSRWYAA_V3-30-3*01,J2*01,CG3*17
595,time-12,ARGVYSGAID_V3-30-3*01,J4*02,CG3*17
596,time-12,ARDRSGQQLVRQDMFD_V3-30-3*01,J5*01,CG3*17
597,time-12,ARDPYTVTYYFD_V3-33*01,J2*01,CG3*17
598,time-12,ARAVASSGSGAFD_V3-33*01,J3*01,CG3*17
599,time-12,ARAVASSGSGAFD_V3-33*01,J3*01,CG3*17
600,time-12,ASVLIVGTTAAFN_V3-33*01,J3*02,CG3*17
601,time-12,ARDRLMRRRFYLD_V3-33*01,J4*02,CG3*17
602,time-12,ARDFCGRPSCFD_V3-33*01,J4*02,CG3*17
603,time-12,ARNRASYSTSSMHWFD_V3-33*01,J5*02,CG3*17
604,time-12,GRDRGRVGYNWNPE_V3-33*01,J5*02,CG3*17
605,time-12,VRDGGSNFLEGNNWFE_V3-33*01,J5*02,CG3*17
606,time-12,ARRYYGLD_V3-33*01,J6*02,CG3*17
607,time-12,ARALIAAAAHLNLYYYYGMD_V3-33*01,J6*02,CG3*17
608,time-12,TRDGRSISMD_V3-33*01,J6*03,CG3*17
609,time-12,AKESSAFD_V3-33*06,J3*02,CG3*17
610,time-12,VKEGDVWSGYLFD_V3-33*06,J4*02,CG3*17
611,time-12,AKDIPNYGGLD_V3-43*01,J4*02,CG3*17
612,time-12,AAGYRSGHFP_V3-48*02,J3*01,CG3*17
613,time-12,ATSLWDQLPD_V3-48*02,J4*02,CG3*17
614,time-12,ARDLGIQGAID_V3-48*02,J4*02,CG3*17
615,time-12,ARDLGIQGAID_V3-48*02,J4*02,CG3*17
616,time-12,ARVYSSGWTLD_V3-48*02,J4*02,CG3*17
617,time-12,ASESQWLID_V3-48*02,J4*02,CG3*17
618,time-12,ARVWSSGWTLD_V3-48*02,J5*01,CG3*17
619,time-12,GRDRHSSSLFFD_V3-48*02,J5*02,CG3*17
620,time-12,VRGSSYTNDVY_V3-48*03,J1*01,CG3*17
621,time-12,TRDRGNGDYW_V3-48*03,J4*02,CG3*17
622,time-12,ARMSPYYFD_V3-48*03,J4*02,CG3*17
623,time-12,ARHSVVPASPFD_V3-48*03,J4*02,CG3*17
624,time-12,ARDRDYYDSSGYDLD_V3-48*03,J4*02,CG3*17
625,time-12,ARGDYCGGDCYV_V3-48*03,J4*02,CG3*17
626,time-12,ARVPGSGNSGGYFD_V3-48*03,J4*02,CG3*17
627,time-12,ARQTAVTTYSSYYGLD_V3-48*03,J6*02,CG3*17
628,time-12,ARWTAVSTTWDYYGMD_V3-48*03,J6*02,CG3*17
629,time-12,TRDPHGDDFRG_V3-49*04,J4*02,CG3*17
630,time-12,ATSACGDCFQVD_V3-49*05,J5*02,CG3*17
631,time-12,ARDRIGWDGYSFA_V3-53*01,J,CG3*17
632,time-12,ARGGYNWNYGEGFE_V3-53*01,J1*01,CG3*17
633,time-12,ARSMWPQYFQ_V3-53*01,J1*01,CG3*17
634,time-12,SSHTVIQLPWYFD_V3-53*01,J2*01,CG3*17
635,time-12,ARDTSDTSGALD_V3-53*01,J3*01,CG3*17
636,time-12,AQGHDNAFD_V3-53*01,J3*01,CG3*17
637,time-12,AAPRGGFAEGTDAFD_V3-53*01,J3*01,CG3*17
638,time-12,VRDTSDTSGALD_V3-53*01,J3*01,CG3*17
639,time-12,ARKTDTNWSAPGD_V3-53*01,J3*02,CG3*17
640,time-12,ARDEVNYANNAFD_V3-53*01,J3*02,CG3*17
641,time-12,ARDGVNYAENAFD_V3-53*01,J3*02,CG3*17
642,time-12,ARANENAFD_V3-53*01,J3*02,CG3*17
643,time-12,ARGYCPDGICNNNPE_V3-53*01,J4*02,CG3*17
644,time-12,ATGFSTIRPD_V3-53*01,J4*02,CG3*17
645,time-12,ARESTGVGPKGFFD_V3-53*01,J4*02,CG3*17
646,time-12,AWGAGYLID_V3-53*01,J4*02,CG3*17
647,time-12,VRESTGVGPKGFFD_V3-53*01,J4*02,CG3*17
648,time-12,ARDVG_V3-53*01,J5*02,CG3*17
649,time-12,ARQMSPYTWFH_V3-53*01,J5*02,CG3*17
650,time-12,GRDVG_V3-53*01,J5*02,CG3*17
651,time-12,ARQRSLGSASGTYYYMD_V3-53*01,J6*03,CG3*17
652,time-12,ARGIERYHHDRYYSYYMD_V3-53*01,J6*03,CG3*17
653,time-12,VREYYYYMD_V3-53*01,J6*03,CG3*17
654,time-12,ARSSVTALSYYFD_V3-53*02,J,CG3*17
655,time-12,ATSSRGWGPDGFD_V3-53*03,J3*02,CG3*17
656,time-12,ARKTDTNMPGD_V3-53*03,J3*02,CG3*17
657,time-12,ATGFSTIRPD_V3-53*03,J4*02,CG3*17
658,time-12,ATGFSTIRPD_V3-53*03,J4*02,CG3*17
659,time-12,ARETGDYAFD_V3-64*01,J3*02,CG3*17
660,time-12,VRGMAAAIHSDMD_V3-64*01,J6*04,CG3*17
661,time-12,ARDQGSHGLRHFD_V3-66*03,J,CG3*17
662,time-12,ARDFIFLT_V3-7*01,J,CG3*17
663,time-12,ARDEHFYDRSALYID_V3-7*01,J1*01,CG3*17
664,time-12,ARYCSGPRCPEYYFD_V3-7*01,J1*01,CG3*17
665,time-12,ARYCSGPRCPEYYFD_V3-7*01,J1*01,CG3*17
666,time-12,ARDLRHWYFD_V3-7*01,J2*01,CG3*17
667,time-12,ARDNEYSTTDGWFDVFD_V3-7*01,J3*01,CG3*17
668,time-12,ARDLTPFNINWYDALD_V3-7*01,J3*01,CG3*17
669,time-12,ARDLTPFNINWYDALD_V3-7*01,J3*01,CG3*17
670,time-12,ARDDMREVKQGLG_V3-7*01,J3*01,CG3*17
671,time-12,GKDLI_V3-7*01,J3*01,CG3*17
672,time-12,ARDSSPVYSGAWFDAFD_V3-7*01,J3*02,CG3*17
673,time-12,ARDFSPDLGDRYFDALD_V3-7*01,J3*02,CG3*17
674,time-12,ARYCCSDKDVFD_V3-7*01,J3*02,CG3*17
675,time-12,ASSAFVAAFD_V3-7*01,J3*02,CG3*17
676,time-12,ARERIREAPGIFD_V3-7*01,J4*02,CG3*17
677,time-12,ARERIREAPGIFD_V3-7*01,J4*02,CG3*17
678,time-12,ARERVREAPGIFD_V3-7*01,J4*02,CG3*17
679,time-12,ARDLFYGRWQHLLRSTGD_V3-7*01,J4*02,CG3*17
680,time-12,ARDLFYGRWHQLSRSTGD_V3-7*01,J4*02,CG3*17
681,time-12,ARGHGVRYLKGGVD_V3-7*01,J4*02,CG3*17
682,time-12,ARGHGVRYLKGGVD_V3-7*01,J4*02,CG3*17
683,time-12,ARGDIPETSVTTLID_V3-7*01,J4*02,CG3*17
684,time-12,ARGDIPETSVTTLID_V3-7*01,J4*02,CG3*17
685,time-12,AQLGYCSGGVCYAPFD_V3-7*01,J4*02,CG3*17
686,time-12,GRLSRETPAD_V3-7*01,J4*02,CG3*17
687,time-12,VRGDSTNYASFLLD_V3-7*01,J4*02,CG3*17
688,time-12,VRGGSDSSWYWI_V3-7*01,J4*02,CG3*17
689,time-12,VRMYSDYGYYFD_V3-7*01,J4*02,CG3*17
690,time-12,TRVGGYGWFE_V3-7*01,J5*01,CG3*17
691,time-12,AKWGYCTSDNVCCGLD_V3-7*01,J5*01,CG3*17
692,time-12,ARDRAYSRYD_V3-7*01,J5*01,CG3*17
693,time-12,ARDRAFSRYD_V3-7*01,J5*01,CG3*17
694,time-12,ARDRAFSRYD_V3-7*01,J5*01,CG3*17
695,time-12,ARDRAFSRYD_V3-7*01,J5*01,CG3*17
696,time-12,ARDLFYGRWQQLSRNTGD_V3-7*01,J5*01,CG3*17
697,time-12,AGGSGWLSD_V3-7*01,J5*01,CG3*17
698,time-12,VRDPVRRYD_V3-7*01,J5*01,CG3*17
699,time-12,VRDRAYHWFD_V3-7*01,J5*01,CG3*17
700,time-12,VRGGGWESD_V3-7*01,J5*01,CG3*17
701,time-12,TTDLNWNC_V3-7*01,J5*02,CG3*17
702,time-12,TRDGVGSYYGWFD_V3-7*01,J5*02,CG3*17
703,time-12,TRDGVGSYYGWFD_V3-7*01,J5*02,CG3*17
704,time-12,ATDLNWNN_V3-7*01,J5*02,CG3*17
705,time-12,ARSNAHSFG_V3-7*01,J5*02,CG3*17
706,time-12,ARRIRWDSSGSHYRWFD_V3-7*01,J5*02,CG3*17
707,time-12,ARDRGIGGRSWIFD_V3-7*01,J5*02,CG3*17
708,time-12,ARDFLKVD_V3-7*01,J5*02,CG3*17
709,time-12,ARDGVGAYYGWFD_V3-7*01,J5*02,CG3*17
710,time-12,ARDADYYVMD_V3-7*01,J6*02,CG3*17
711,time-12,AKIPGRGY_V3-7*01,J6*04,CG3*17
712,time-12,ARDANRGGDMD_V3-7*01,J6*04,CG3*17
713,time-12,ARDFVKMD_V3-7*01,J6*04,CG3*17
714,time-12,ARDADYFQNNMWYDGFD_V3-7*03,J3*01,CG3*17
715,time-12,ARDYIGSYD_V3-72*01,J4*02,CG3*17
716,time-12,GDVTTTRRDH_V3-72*01,J5*02,CG3*17
717,time-12,TRVWDVSRPFD_V3-73*01,J4*03,CG3*17
718,time-12,VSQIYDSRYYYEP_V3-73*02,J4*02,CG3*17
719,time-12,ARDLGGIAG_V3-74*01,J,CG3*17
720,time-12,VRDLGGIAG_V3-74*01,J,CG3*17
721,time-12,ARDNWGSVIW_V3-74*01,J1*01,CG3*17
722,time-12,ARDVAGSAG_V3-74*01,J1*01,CG3*17
723,time-12,ARGGEYNSPTT_V3-74*01,J1*01,CG3*17
724,time-12,ARGGEYNSPTT_V3-74*01,J1*01,CG3*17
725,time-12,ARGGEYNSPTT_V3-74*01,J1*01,CG3*17
726,time-12,ARGGEYNSPTT_V3-74*01,J1*01,CG3*17
727,time-12,ARGGEYNSPTT_V3-74*01,J1*01,CG3*17
728,time-12,ARGGEYNSPTT_V3-74*01,J1*01,CG3*17
729,time-12,ARGGEYNSPTT_V3-74*01,J1*01,CG3*17
730,time-12,ARGGEYNSPTT_V3-74*01,J1*01,CG3*17
731,time-12,ARGGEYNSPTT_V3-74*01,J1*01,CG3*17
732,time-12,ARGGEYNSPTT_V3-74*01,J1*01,CG3*17
733,time-12,ARGGEYNSPTT_V3-74*01,J1*01,CG3*17
734,time-12,ARGGEYNSPTT_V3-74*01,J1*01,CG3*17
735,time-12,ARGGEYNSPTT_V3-74*01,J1*01,CG3*17
736,time-12,ARGGEYNSPTT_V3-74*01,J1*01,CG3*17
737,time-12,ARGGEYNSPTT_V3-74*01,J1*01,CG3*17
738,time-12,ARGGEYNSPTT_V3-74*01,J1*01,CG3*17
739,time-12,ARGGEYNSPTT_V3-74*01,J1*01,CG3*17
740,time-12,ARGGEYNSPTT_V3-74*01,J1*01,CG3*17
741,time-12,ARGGEYNSPTT_V3-74*01,J1*01,CG3*17
742,time-12,ARGGEYNSPTS_V3-74*01,J1*01,CG3*17
743,time-12,ARGGEYNSPTS_V3-74*01,J1*01,CG3*17
744,time-12,ARGGEYNSPTT_V3-74*01,J1*01,CG3*17
745,time-12,ARGGEYNSSTT_V3-74*01,J1*01,CG3*17
746,time-12,ARGGEFNSPTT_V3-74*01,J1*01,CG3*17
747,time-12,ARGGDYNSPTT_V3-74*01,J1*01,CG3*17
748,time-12,ARMRKVGSTWSGFE_V3-74*01,J1*01,CG3*17
749,time-12,VRGGEYNSPTT_V3-74*01,J1*01,CG3*17
750,time-12,ATDFLHGD_V3-74*01,J2*01,CG3*17
751,time-12,AREARGPFN_V3-74*01,J3*01,CG3*17
752,time-12,ARATTVTRID_V3-74*01,J3*01,CG3*17
753,time-12,ARGGEYNSPTT_V3-74*01,J3*01,CG3*17
754,time-12,ARPNWGSTLPGAFD_V3-74*01,J3*02,CG3*17
755,time-12,ARPNWGSTLPGAFD_V3-74*01,J3*02,CG3*17
756,time-12,ARDHYSGSGNYWGGAPN_V3-74*01,J3*02,CG3*17
757,time-12,TRDLGGARG_V3-74*01,J4*02,CG3*17
758,time-12,AKDPYNWNGPFD_V3-74*01,J4*02,CG3*17
759,time-12,TRDIGGRRA_V3-74*01,J4*02,CG3*17
760,time-12,TRDIGGRRA_V3-74*01,J4*02,CG3*17
761,time-12,TRDIGGRRA_V3-74*01,J4*02,CG3*17
762,time-12,TRDIGGRRA_V3-74*01,J4*02,CG3*17
763,time-12,TRDIGGIRG_V3-74*01,J4*02,CG3*17
764,time-12,TRDIGGRRA_V3-74*01,J4*02,CG3*17
765,time-12,TRDIGGRRA_V3-74*01,J4*02,CG3*17
766,time-12,TRDIGGRGA_V3-74*01,J4*02,CG3*17
767,time-12,ARNARTDFD_V3-74*01,J4*02,CG3*17
768,time-12,ARENYWKFD_V3-74*01,J4*02,CG3*17
769,time-12,ARGGEYNNPTT_V3-74*01,J4*02,CG3*17
770,time-12,ARGGEYNSPTT_V3-74*01,J4*02,CG3*17
771,time-12,ARGGEYNSPTT_V3-74*01,J4*02,CG3*17
772,time-12,AGDLSGRND_V3-74*01,J4*02,CG3*17
773,time-12,AGDLSGRND_V3-74*01,J4*02,CG3*17
774,time-12,ARDLSGRHD_V3-74*01,J5*01,CG3*17
775,time-12,ARDLSGRHD_V3-74*01,J5*01,CG3*17
776,time-12,ARGGEYNSPTT_V3-74*01,J5*01,CG3*17
777,time-12,ARGGEYNSPTT_V3-74*01,J5*01,CG3*17
778,time-12,ARGGEYNSPTT_V3-74*01,J5*01,CG3*17
779,time-12,ARGGEYNSPTT_V3-74*01,J5*01,CG3*17
780,time-12,ARGGEYNSPTT_V3-74*01,J5*01,CG3*17
781,time-12,VYDTSRVYHVPGD_V3-74*01,J5*01,CG3*17
782,time-12,TRDPGRNWFD_V3-74*01,J5*02,CG3*17
783,time-12,TDNIPWG_V3-74*01,J5*02,CG3*17
784,time-12,ARPFINSLPDGFD_V3-74*01,J5*02,CG3*17
785,time-12,ARDLSGKYD_V3-74*01,J5*02,CG3*17
786,time-12,ARGTGRSIPRIEFQRFD_V3-74*01,J5*02,CG3*17
787,time-12,ARDRGSRWSPYNWLD_V3-74*01,J5*02,CG3*17
788,time-12,VRDQGMATPFD_V3-74*01,J5*02,CG3*17
789,time-12,ARDQVRFFEDYNMD_V3-74*01,J6*03,CG3*17
790,time-12,ARGHTYGWDDSYMD_V3-74*01,J6*03,CG3*17
791,time-12,ARGYYGSGIPPDYYYYMD_V3-74*01,J6*03,CG3*17
792,time-12,ARGGEYNSPTT_V3-74*02,J1*01,CG3*17
793,time-12,ARGGEYNSPTT_V3-74*02,J1*01,CG3*17
794,time-12,ARGGEYNSPTT_V3-74*02,J1*01,CG3*17
795,time-12,ARGGEYNSPTT_V3-74*02,J1*01,CG3*17
796,time-12,ARGGEYNSPTT_V3-74*02,J1*01,CG3*17
797,time-12,ARGGEYNSPTT_V3-74*02,J1*01,CG3*17
798,time-12,ARGGEYNSPTT_V3-74*02,J1*01,CG3*17
799,time-12,ARGGEYNSPTS_V3-74*02,J1*01,CG3*17
800,time-12,ARGGEYNSPTS_V3-74*02,J1*01,CG3*17
801,time-12,TRDIGGIRG_V3-74*02,J4*02,CG3*17
802,time-12,TRDIGGRRA_V3-74*02,J4*02,CG3*17
803,time-12,ARDFGGEKD_V3-74*02,J4*02,CG3*17
804,time-12,SRDLSGRDD_V3-74*02,J4*02,CG3*17
805,time-12,SRDLSGRDD_V3-74*02,J4*02,CG3*17
806,time-12,SRDLIGRDD_V3-74*02,J4*02,CG3*17
807,time-12,ARGGEYNSPTT_V3-74*02,J5*01,CG3*17
808,time-12,VYDSAYVYHAPGD_V3-74*02,J5*01,CG3*17
809,time-12,ARDPGRNWFD_V3-74*02,J5*02,CG3*17
810,time-12,ARDPGRNWFD_V3-74*02,J5*02,CG3*17
811,time-12,ARENWKYVRAFD_V3-74*03,J1*01,CG3*17
812,time-12,ARGGEYNSPTT_V3-74*03,J1*01,CG3*17
813,time-12,ARGGEYNSPTT_V3-74*03,J1*01,CG3*17
814,time-12,ARGGEYNSPTT_V3-74*03,J1*01,CG3*17
815,time-12,ASFIMGVP_V3-74*03,J1*01,CG3*17
816,time-12,ASFIMGVP_V3-74*03,J1*01,CG3*17
817,time-12,VRENWNYIRAFD_V3-74*03,J1*01,CG3*17
818,time-12,TRPNWGSRLPGAFD_V3-74*03,J3*01,CG3*17
819,time-12,ARPNWGSTLPGAFD_V3-74*03,J3*01,CG3*17
820,time-12,ARPNWGSTLPRAFD_V3-74*03,J3*02,CG3*17
821,time-12,ARPNWGSTLPGAFD_V3-74*03,J3*02,CG3*17
822,time-12,ARPNWGSTLPGAFD_V3-74*03,J3*02,CG3*17
823,time-12,ARPNWGSTLPGAFD_V3-74*03,J3*02,CG3*17
824,time-12,ARPNWGSTLPGAFD_V3-74*03,J3*02,CG3*17
825,time-12,ARPNWGSTLPGAFD_V3-74*03,J3*02,CG3*17
826,time-12,ARPNWGSTLPGAFD_V3-74*03,J3*02,CG3*17
827,time-12,ARPNWGSRLPGAFD_V3-74*03,J3*02,CG3*17
828,time-12,ARPNWGSRLPGAFD_V3-74*03,J3*02,CG3*17
829,time-12,ARPNWGSTLPGAFD_V3-74*03,J3*02,CG3*17
830,time-12,ARPNWGSTLPGAFD_V3-74*03,J3*02,CG3*17
831,time-12,ARPNWGSTLPGAFD_V3-74*03,J3*02,CG3*17
832,time-12,TRGNSGFD_V3-74*03,J4*02,CG3*17
833,time-12,ARDYDYESGASYMAFD_V3-74*03,J4*02,CG3*17
834,time-12,ARVVGGTRGSAD_V3-74*03,J4*02,CG3*17
835,time-12,ARGLNEGVAYGD_V3-74*03,J4*02,CG3*17
836,time-12,ARPFINSLPDGFD_V3-74*03,J5*02,CG3*17
837,time-12,ARPFINSLPDGFD_V3-74*03,J5*02,CG3*17
838,time-12,ARPFINSLPDGFD_V3-74*03,J5*02,CG3*17
839,time-12,ARPFINSLPDGFD_V3-74*03,J5*02,CG3*17
840,time-12,ATGGYQHALE_V3-74*03,J6*02,CG3*17
841,time-12,ARGPEDYYYFYGMD_V3-74*03,J6*02,CG3*17
842,time-12,ARGYYGSGIPPDYYYYMD_V3-74*03,J6*03,CG3*17
843,time-12,VKVNAFGRYEGVNYNYYMD_V3-74*03,J6*03,CG3*17
844,time-12,AKDSTKWLVQGAGTFD_V3-9*01,J3*01,CG3*17
845,time-12,TKGLGADSDYGYDAFN_V3-9*01,J3*02,CG3*17
846,time-12,TRTRESFFTALE_V3-9*01,J3*02,CG3*17
847,time-12,VKDIRGDAYTTYYFD_V3-9*01,J4*02,CG3*17
848,time-12,VKDSTGGHRSSWYISGFD_V3-9*01,J4*02,CG3*17
849,time-12,ARKVPAATMGLRGWFD_V3-9*01,J5*02,CG3*17
850,time-12,VKDLGEEATVSHYAYYGLD_V3-9*01,J6*02,CG3*17
851,time-12,ARGGEYNSPTT_V3/OR16-13*01,J1*01,CG3*17
852,time-12,ARGGEYNSPTT_V3/OR16-13*01,J1*01,CG3*17
853,time-12,ARDLSGRHD_V3/OR16-13*01,J5*01,CG3*17
854,time-12,ARPFINSLPDGFD_V3/OR16-13*01,J5*02,CG3*17
855,time-7,AKWNGLNFVDAFD_V3,J3*01,CG3*17
856,time-7,AREGLRSRISSGDAFD_V3,J3*02,CG3*17
857,time-7,AKEGRFDSSSFD_V3,J4*02,CG3*17
858,time-7,ARDYDTFTGTKTDNFD_V3,J4*02,CG3*17
859,time-7,ARGPGWLVD_V3,J4*02,CG3*17
860,time-7,ARDKGNFDWELRGGYWFD_V3,J5*02,CG3*17
861,time-7,ARSRDGSGSYWGREYDYFYMD_V3,J6*03,CG3*17
862,time-7,ARSGDGSGSHWGRDYFYYYMD_V3,J6*03,CG3*17
863,time-7,ARSGDGSGSHRGRDYFYYYMD_V3,J6*03,CG3*17
864,time-7,ARSGDGSGSHWGRDYFYYYMD_V3,J6*03,CG3*17
865,time-7,ATHERYSTTASLH_V3-11*01,J4*02,CG3*17
866,time-7,ARDFGRKLNVPAAGVPG_V3-11*04,J1*01,CG3*17
867,time-7,AHSVN_V3-11*04,J3*02,CG3*17
868,time-7,AGGPVDGNIWEAGRPCDLEADLSHLD_V3-13*01,J2*01,CG3*17
869,time-7,ATGRDGWD_V3-13*01,J4*02,CG3*17
870,time-7,TTGSMVLG_V3-15*01,J1*01,CG3*17
871,time-7,TTGSMVLG_V3-15*01,J1*01,CG3*17
872,time-7,TTGSMVLG_V3-15*01,J1*01,CG3*17
873,time-7,TTGSMVLG_V3-15*01,J1*01,CG3*17
874,time-7,ATDWSHPGLRGMGP_V3-15*01,J1*01,CG3*17
875,time-7,TTDTGA_V3-15*01,J4*01,CG3*17
876,time-7,TTDLPLTRGLVPSA_V3-15*01,J4*02,CG3*17
877,time-7,TTDSGA_V3-15*01,J4*02,CG3*17
878,time-7,STDLGIYGLD_V3-15*01,J6*02,CG3*17
879,time-7,TTEDLR_V3-15*02,J1*01,CG3*17
880,time-7,TTYYYDSVRFG_V3-15*02,J4*02,CG3*17
881,time-7,ARDGFYDSSGYYYGAFD_V3-21*01,J1*01,CG3*17
882,time-7,VTTSRSIPFD_V3-21*01,J4*02,CG3*17
883,time-7,ARPLEDQLVDYYYMD_V3-21*01,J6*03,CG3*17
884,time-7,VRNMD_V3-21*01,J6*03,CG3*17
885,time-7,TRDFAVDARAYD_V3-21*02,J4*02,CG3*17
886,time-7,TKRYYYDSGALE_V3-23*01,J4*02,CG3*17
887,time-7,VKDSLRYSFD_V3-23*01,J4*02,CG3*17
888,time-7,ARHTDGWFRGFD_V3-23*01,J5*01,CG3*17
889,time-7,GKVRQPMDYYWHGVD_V3-23*01,J6*02,CG3*17
890,time-7,AREAVYEFWRGSNRAPYYYYMD_V3-23*01,J6*03,CG3*17
891,time-7,AKASGNSYGREYSD_V3-23*04,J1*01,CG3*17
892,time-7,AKNLMTGSACYD_V3-23*04,J4*02,CG3*17
893,time-7,AKVARWLKLGESD_V3-23*04,J4*02,CG3*17
894,time-7,VKDSLGYSFD_V3-23*04,J4*02,CG3*17
895,time-7,AKGGSISWFH_V3-23*04,J5*02,CG3*17
896,time-7,AKVISLTDYYWYGMD_V3-23*04,J6*02,CG3*17
897,time-7,ARDWWLPRNYYGMD_V3-23*04,J6*02,CG3*17
898,time-7,ARVEGGDHVKYYYYGMD_V3-23*04,J6*02,CG3*17
899,time-7,AKPIYYYDGSGQPDFD_V3-23*05,J4*02,CG3*17
900,time-7,AKDRDDYGDYDFD_V3-23*05,J4*02,CG3*17
901,time-7,AKEKAATAFIDSQD_V3-23*05,J4*02,CG3*17
902,time-7,ARVESSYDLVWGIYRAGYYHSYMD_V3-23*05,J6*04,CG3*17
903,time-7,ARQGKFKAFAVTIMMD_V3-30*03,J6*02,CG3*17
904,time-7,AKDRWDGGYYFD_V3-30*18,J,CG3*17
905,time-7,AKEFRGGLDATAGG_V3-30*18,J3*01,CG3*17
906,time-7,AKIISQTANGD_V3-30*18,J4*02,CG3*17
907,time-7,AKDRTSGGRQVD_V3-30*18,J4*02,CG3*17
908,time-7,AKADAPIMGAFD_V3-30*18,J4*02,CG3*17
909,time-7,AKGGGDYSFD_V3-30*18,J4*02,CG3*17
910,time-7,VKGPAHCSKTSCYGGFD_V3-30*18,J4*03,CG3*17
911,time-7,IKDVGFFDSY_V3-30*18,J5*01,CG3*17
912,time-7,MILPAKKLAPIDD_V3-30,J5*01,CG3*17
913,time-7,MILPAKKLAPVDD_V3-30,J5*01,CG3*17
914,time-7,ARLPTTTETTGDFD_V3-30-3*01,J4*02,CG3*17
915,time-7,ARDSSQYFFD_V3-30-3*01,J4*02,CG3*17
916,time-7,VGAIGYFD_V3-30-3*01,J4*02,CG3*17
917,time-7,ARGGMIPFGLD_V3-30-3*03,J6*02,CG3*17
918,time-7,ARGATSGTSYSSGFED_V3-33*01,J4*02,CG3*17
919,time-7,ARDGGFREFD_V3-33*01,J5*01,CG3*17
920,time-7,ARLAYRNLLGGLD_V3-33*01,J6*02,CG3*17
921,time-7,ARLAYSNLLGGLD_V3-33*01,J6*02,CG3*17
922,time-7,ARVGSGSYSLD_V3-33*02,J4*02,CG3*17
923,time-7,ARLTSGWFSVD_V3-33*02,J4*02,CG3*17
924,time-7,ARDISFFALD_V3-33*02,J6*02,CG3*17
925,time-7,AKAECADNCYLTD_V3-43*01,J4*02,CG3*17
926,time-7,TRGRMYDSIGYYD_V3-48*02,J1*01,CG3*17
927,time-7,VRLNDWYFD_V3-48*02,J2*01,CG3*17
928,time-7,ATDLHWAFD_V3-48*02,J4*02,CG3*17
929,time-7,ATYNQRPPVD_V3-48*02,J4*02,CG3*17
930,time-7,ARDPHALD_V3-48*02,J4*02,CG3*17
931,time-7,ARQVLGDFD_V3-48*02,J4*02,CG3*17
932,time-7,ARERDFCGLSSCSGGILD_V3-48*03,J1*01,CG3*17
933,time-7,ARRRGVATGEKYFD_V3-48*03,J2*01,CG3*17
934,time-7,ARNSGIWS_V3-48*03,J3*01,CG3*17
935,time-7,ARGNPSP_V3-48*03,J4*02,CG3*17
936,time-7,ARDRGDFYDSPDRLD_V3-48*03,J5*02,CG3*17
937,time-7,TRDPHGDDFRG_V3-49*02,J1*01,CG3*17
938,time-7,ARGGDRNWFD_V3-49*02,J5*02,CG3*17
939,time-7,ALGGAAL_V3-49*03,J1*01,CG3*17
940,time-7,TRHISLLMGG_V3-49*04,J1*01,CG3*17
941,time-7,TRDPHGDDFRG_V3-49*04,J1*01,CG3*17
942,time-7,AREEGATRTDLAEYYGMD_V3-49*04,J6*02,CG3*17
943,time-7,TREANWGPW_V3-53*01,J1*01,CG3*17
944,time-7,ARGARGYSC_V3-53*01,J1*01,CG3*17
945,time-7,ASSLCSGGSCYAGHFH_V3-53*01,J1*01,CG3*17
946,time-7,ARDLIARAGPVRYFD_V3-53*01,J2*01,CG3*17
947,time-7,TRGTAG_V3-53*01,J3*01,CG3*17
948,time-7,ARGYCPDGICNNNPE_V3-53*01,J4*02,CG3*17
949,time-7,ARGYCPDGICNNNPE_V3-53*01,J4*02,CG3*17
950,time-7,AREDRRVGTSPYFD_V3-53*01,J4*02,CG3*17
951,time-7,ARGHCSNGVCDNNPD_V3-53*01,J4*02,CG3*17
952,time-7,GRDVG_V3-53*01,J5*02,CG3*17
953,time-7,ARSRDGSGRNWGRDYDYFYMD_V3-53*01,J6*03,CG3*17
954,time-7,ARSRDGSGSYRGRDYDFFYMD_V3-53*01,J6*03,CG3*17
955,time-7,ARSRDGSGSYWGREYDYFYMD_V3-53*01,J6*03,CG3*17
956,time-7,ARSRDGSGSYWGRDYYYFYMD_V3-53*01,J6*03,CG3*17
957,time-7,ARSGDGSGSHWGRDYFYYYMD_V3-53*01,J6*03,CG3*17
958,time-7,ARSGDGSGSHWGRDYFYYYMD_V3-53*01,J6*03,CG3*17
959,time-7,ARSGDGSGSHRGRDYFYYYMD_V3-53*01,J6*03,CG3*17
960,time-7,ARSGDGSGSHRGRDYFYYYMD_V3-53*01,J6*03,CG3*17
961,time-7,ARSGDGSGSHWGRDYFYYYMD_V3-53*01,J6*03,CG3*17
962,time-7,ARSGDGSGSHWGRDYFYFYMD_V3-53*01,J6*03,CG3*17
963,time-7,ARSGDGSGSQWGRDYFYYYMD_V3-53*01,J6*03,CG3*17
964,time-7,ARSGDGSGSQWGRSYFYFYMD_V3-53*01,J6*03,CG3*17
965,time-7,ARSGDGSGSQWGRSYFYFYMD_V3-53*01,J6*04,CG3*17
966,time-7,ARSGDGSGSHWGRDYFYYYMD_V3-53*02,J6*03,CG3*17
967,time-7,VGPYNAYDWAMF_V3-53*03,J1*01,CG3*17
968,time-7,ARGYCPDGICNNNPE_V3-66*03,J1*01,CG3*17
969,time-7,ARQSFRGQSGYERSD_V3-7*01,J1*01,CG3*17
970,time-7,ARDPWELL_V3-7*01,J1*01,CG3*17
971,time-7,ASNSR_V3-7*01,J1*01,CG3*17
972,time-7,VSGYSYGY_V3-7*01,J1*01,CG3*17
973,time-7,ARGIFGDSVAFD_V3-7*01,J3*01,CG3*17
974,time-7,ACWASTN_V3-7*01,J4*01,CG3*17
975,time-7,ARENWAID_V3-7*01,J4*02,CG3*17
976,time-7,ARENWAID_V3-7*01,J4*02,CG3*17
977,time-7,ARDEDGAFD_V3-7*01,J4*02,CG3*17
978,time-7,ARDFFKVD_V3-7*01,J4*02,CG3*17
979,time-7,ARFYFGLSFD_V3-7*01,J4*02,CG3*17
980,time-7,VRDRGKGSGGYSSPFD_V3-7*01,J4*02,CG3*17
981,time-7,VGGSGWLPD_V3-7*01,J4*02,CG3*17
982,time-7,ARDRGESTANERRRWLQLWFRGWFD_V3-7*01,J5*01,CG3*17
983,time-7,AGGSGWLSD_V3-7*01,J5*01,CG3*17
984,time-7,ARDRGIGGRSWIFD_V3-7*01,J5*02,CG3*17
985,time-7,ARAIGRESDSPYNWFD_V3-7*01,J5*02,CG3*17
986,time-7,SRPTGPAGSGWTPGG_V3-7*01,J5*02,CG3*17
987,time-7,ARGRGLD_V3-7*01,J6*02,CG3*17
988,time-7,ARGRGLD_V3-7*01,J6*02,CG3*17
989,time-7,TVSIAGALNQ_V3-72*01,J1*01,CG3*17
990,time-7,ARGDYDFWSGYYYWYFD_V3-72*01,J2*01,CG3*17
991,time-7,TRDGGDSKWSKFD_V3-72*01,J5*01,CG3*17
992,time-7,VRAKYSGMHYDYYYYYMD_V3-72*01,J6*03,CG3*17
993,time-7,TRGPSDYGDYGWFD_V3-73*01,J5*02,CG3*17
994,time-7,ARAGGLITGTTYAMD_V3-73*01,J6*02,CG3*17
995,time-7,AREDFGGKD_V3-74*01,J1*01,CG3*17
996,time-7,ARMRKVGSTWSGFE_V3-74*01,J1*01,CG3*17
997,time-7,VGGGYLP_V3-74*01,J1*01,CG3*17
998,time-7,TRDIGGRRA_V3-74*01,J4*02,CG3*17
999,time-7,TRDIGGSRG_V3-74*01,J4*02,CG3*17
1000,time-7,TRDIGGSRG_V3-74*01,J4*02,CG3*17
1001,time-7,IFSNSSFD_V3-74*01,J4*02,CG3*17
1002,time-7,ARAYPYESFD_V3-74*01,J4*02,CG3*17
1003,time-7,ARMRKVGTTWSGFE_V3-74*01,J4*02,CG3*17
1004,time-7,AGEHPWDRSAID_V3-74*01,J4*02,CG3*17
1005,time-7,ARDQTMRGPTTTD_V3-74*01,J4*02,CG3*17
1006,time-7,ARSRWYSFD_V3-74*01,J4*02,CG3*17
1007,time-7,VRDRNGYN_V3-74*01,J4*02,CG3*17
1008,time-7,SRDLSGRDD_V3-74*01,J4*02,CG3*17
1009,time-7,ASHHESSLSWGPMD_V3-74*01,J6*03,CG3*17
1010,time-7,VRGHIKGFYLD_V3-74*01,J6*03,CG3*17
1011,time-7,LRGCSNGVCFGA_V3-74*02,J1*01,CG3*17
1012,time-7,ARDSRGGTLD_V3-74*02,J4*02,CG3*17
1013,time-7,VGGCTNGVCYGQNG_V3-74*02,J4*02,CG3*17
1014,time-7,SRDLSGRDD_V3-74*02,J4*02,CG3*17
1015,time-7,TRENWQYVRAFD_V3-74*03,J1*01,CG3*17
1016,time-7,TRENWEYVRAFD_V3-74*03,J1*01,CG3*17
1017,time-7,TRENWQYVRAFD_V3-74*03,J1*01,CG3*17
1018,time-7,TRGNAGGQFD_V3-74*03,J1*01,CG3*17
1019,time-7,ARGLNEGVAYGD_V3-74*03,J1*01,CG3*17
1020,time-7,ARGLNEGVAYGD_V3-74*03,J1*01,CG3*17
1021,time-7,ARGLNEGVAYGD_V3-74*03,J1*01,CG3*17
1022,time-7,ASFIMGVP_V3-74*03,J1*01,CG3*17
1023,time-7,VRDVPHSNFD_V3-74*03,J2*01,CG3*17
1024,time-7,IISNSTFD_V3-74*03,J4*02,CG3*17
1025,time-7,ARGGEYVWDVID_V3-74*03,J4*02,CG3*17
1026,time-7,ARSFPYEGFD_V3-74*03,J4*02,CG3*17
1027,time-7,ARGLNQGVGYGD_V3-74*03,J4*02,CG3*17
1028,time-7,ARGLNEGVAFGD_V3-74*03,J4*02,CG3*17
1029,time-7,ARDPPMGLVD_V3-74*03,J4*02,CG3*17
1030,time-7,ARSRWYSFD_V3-74*03,J4*02,CG3*17
1031,time-7,AREMWATLD_V3-74*03,J5*02,CG3*17
1032,time-7,ARGQFYGPILGYNNYMD_V3-74*03,J6*03,CG3*17
1033,time-7,RKHRFYHFFLLNEDDFD_V3-9*01,J3*01,CG3*17
1034,time-7,AKARMLEYDALD_V3-9*01,J3*02,CG3*17
1035,time-7,AKGGYQLLSKKD_V3-9*01,J4*02,CG3*17
1036,time-7,GTDKAGDLE_V3-9*01,J4*02,CG3*17
1037,time-7,VKDITAGGAD_V3-9*02,J6*02,CG3*17
1038,time-7,AKDSGLSLELAVID_V3-9*03,J4*02,CG3*17
1039,time-7,ARAYPYESFD_V3/OR16-13*01,J4*02,CG3*17
1040,time-7,ARALSGTYYYFD_V3/OR16-13*01,J4*02,CG3*17
1041,time-7,VRDLTLETTGPHYD_V3/OR16-13*01,J4*02,CG3*17
1042,time-8,ATYNQRPQVD_V3,J4*02,CG3*17
1043,time-8,ARGYRSGVFA_V3,J4*02,CG3*17
1044,time-8,ARGYKSGVSA_V3,J5*01,CG3*17
1045,time-8,ARNVPGGLD_V3,J6*02,CG3*17
1046,time-8,ARVLARTAYYWYGMD_V3,J6*02,CG3*17
1047,time-8,ARSRDGSGRNWGRDYDYFYMD_V3,J6*03,CG3*17
1048,time-8,ARSGDGSGSHWGRDYFYYYMD_V3,J6*03,CG3*17
1049,time-8,ARSGDGSGSHWGRDYFYFYMD_V3,J6*03,CG3*17
1050,time-8,ARDRAPLRRFPPINYHYMD_V3,J6*03,CG3*17
1051,time-8,ARGGIVGAEFA_V3-11*01,J1*01,CG3*17
1052,time-8,ARRREYSSSSGHDFD_V3-11*01,J3*01,CG3*17
1053,time-8,AKHAVGASPYSWFD_V3-11*01,J5*02,CG3*17
1054,time-8,ARDPFPYDYIWGSYRPIVDRGMD_V3-11*01,J6*02,CG3*17
1055,time-8,ARDFGRRLNVPAAGLSG_V3-11*04,J,CG3*17
1056,time-8,ARVNDFAGLQ_V3-11*05,J1*01,CG3*17
1057,time-8,VRKLD_V3-11,J1*01,CG3*17
1058,time-8,ARDLWTSGWHPGAFD_V3-11,J3*02,CG3*17
1059,time-8,ATGRDGWD_V3-13*01,J4*02,CG3*17
1060,time-8,TTGSMVLG_V3-15*01,J1*01,CG3*17
1061,time-8,TTGSMVLG_V3-15*01,J1*01,CG3*17
1062,time-8,TTGSMVLG_V3-15*01,J1*01,CG3*17
1063,time-8,TTGSMVLG_V3-15*01,J1*01,CG3*17
1064,time-8,TTGSMVLG_V3-15*01,J1*01,CG3*17
1065,time-8,TTGSMVLG_V3-15*01,J1*01,CG3*17
1066,time-8,TTWRAPTVRKVVPRFD_V3-15*01,J4*02,CG3*17
1067,time-8,SAGAGRTDTD_V3-15*01,J4*02,CG3*17
1068,time-8,ATASITRVQGVFIGV_V3-15*01,J4*02,CG3*17
1069,time-8,AAGGTYLHFLSSFD_V3-15*01,J4*02,CG3*17
1070,time-8,ASEMMLGSHPLRYFD_V3-15*02,J4*02,CG3*17
1071,time-8,STDLGLYGLD_V3-15*02,J6*02,CG3*17
1072,time-8,ASEMMLGSHPLRYFD_V3-15*07,J4*02,CG3*17
1073,time-8,TTDDHRWFH_V3-15*07,J5*02,CG3*17
1074,time-8,ARGGSYYDSSGYYPAYMD_V3-20*01,J6*03,CG3*17
1075,time-8,ARAHCSGGSCYFD_V3-21*01,J,CG3*17
1076,time-8,ARAHCSGGSCYFD_V3-21*01,J,CG3*17
1077,time-8,ARAHCSGGTCYFD_V3-21*01,J2*01,CG3*17
1078,time-8,ARAHCSGGSCYFD_V3-21*01,J2*01,CG3*17
1079,time-8,ARDFSPDSGGRYFDALD_V3-21*01,J3*01,CG3*17
1080,time-8,ARDVARDPQPSEAFD_V3-21*01,J3*02,CG3*17
1081,time-8,ARDYSSGLPGGFD_V3-21*01,J3*02,CG3*17
1082,time-8,AREGFIAAASNLDAFD_V3-21*01,J3*02,CG3*17
1083,time-8,VSSTPVRGVKDAFD_V3-21*01,J3*02,CG3*17
1084,time-8,SRGSGDFLRTDAFE_V3-21*01,J3*02,CG3*17
1085,time-8,ARELGQWLVLGEEYYFD_V3-21*01,J4*02,CG3*17
1086,time-8,ARDLSLGMPGGFD_V3-21*01,J4*02,CG3*17
1087,time-8,ARDYYDSSGLD_V3-21*01,J4*02,CG3*17
1088,time-8,ASGLGDYYGSGTAD_V3-21*01,J4*02,CG3*17
1089,time-8,ARVYCSGGSCYID_V3-21*01,J4*02,CG3*17
1090,time-8,ARAIGRDSASPYNWFD_V3-21*01,J5*02,CG3*17
1091,time-8,VRDRSWGTQGSWID_V3-21*01,J5*02,CG3*17
1092,time-8,ARDPPGLGMD_V3-21*01,J6*02,CG3*17
1093,time-8,TRDAGPSPSFFD_V3-23*01,J1*01,CG3*17
1094,time-8,TRWSGFGD_V3-23*01,J2*01,CG3*17
1095,time-8,AKAVTNYWYFD_V3-23*01,J2*01,CG3*17
1096,time-8,AKDIYYWEFD_V3-23*01,J4*02,CG3*17
1097,time-8,AKDPLD_V3-23*01,J4*02,CG3*17
1098,time-8,ARDQGSHGLRHFD_V3-23*01,J4*02,CG3*17
1099,time-8,ADFGSGWYVFN_V3-23*01,J4*02,CG3*17
1100,time-8,VKDKGSIFGD_V3-23*01,J4*02,CG3*17
1101,time-8,AKLKGTNYFYFMD_V3-23*01,J6*03,CG3*17
1102,time-8,AKLKGTNYFYFMD_V3-23*01,J6*03,CG3*17
1103,time-8,VKDSLGYSFD_V3-23*04,J,CG3*17
1104,time-8,AKDGGWAFE_V3-23*04,J1*01,CG3*17
1105,time-8,AKASGNSYGREYSD_V3-23*04,J1*01,CG3*17
1106,time-8,AKASGNSYGREYSD_V3-23*04,J1*01,CG3*17
1107,time-8,AKKAGPEGYHTLD_V3-23*04,J3*01,CG3*17
1108,time-8,AKNFASGNAFYD_V3-23*04,J4*02,CG3*17
1109,time-8,AKNLMTGSACYD_V3-23*04,J4*02,CG3*17
1110,time-8,AKDKQDRGTYCSGGSCYSQSSCFD_V3-23*04,J4*02,CG3*17
1111,time-8,AKVARWLQLGESD_V3-23*04,J4*02,CG3*17
1112,time-8,AKVARWLQLGESD_V3-23*04,J4*02,CG3*17
1113,time-8,VKDSLGYSFD_V3-23*04,J4*02,CG3*17
1114,time-8,VKELVSRSSLTFD_V3-23*04,J4*02,CG3*17
1115,time-8,ANDGQQLGKFD_V3-23*04,J5*02,CG3*17
1116,time-8,AKDATEDFWSGYRYYGID_V3-23*04,J6*02,CG3*17
1117,time-8,ARISGHTGGYYYHAMD_V3-23*04,J6*02,CG3*17
1118,time-8,AKGSAFSCRGAFCHFFD_V3-23*04,J6*03,CG3*17
1119,time-8,AKDIWAWTFD_V3-23*05,J,CG3*17
1120,time-8,VKDSLGYSFD_V3-23*05,J,CG3*17
1121,time-8,AKDGGWAFE_V3-23*05,J1*01,CG3*17
1122,time-8,VKDKGLRGRHCSGEICYSISSYFD_V3-23*05,J4*02,CG3*17
1123,time-8,VKWDGYGD_V3-23*05,J4*02,CG3*17
1124,time-8,AKGYVARATRNTYHYGMD_V3-23*05,J6*02,CG3*17
1125,time-8,TKDGIVVVGAYYYYMD_V3-23*05,J6*03,CG3*17
1126,time-8,AKDYPTVTPYYSYTMD_V3-23*05,J6*03,CG3*17
1127,time-8,AKFRGAGDRGYYHIN_V3-23*05,J6*03,CG3*17
1128,time-8,GRGADDSGSYFID_V3-30*03,J4*02,CG3*17
1129,time-8,AKEGRVQKWHFD_V3-30*18,J2*01,CG3*17
1130,time-8,AKIISKTANGD_V3-30*18,J4*02,CG3*17
1131,time-8,AKIISQTANGD_V3-30*18,J4*02,CG3*17
1132,time-8,AKEGDGDNWWILD_V3-30*18,J4*02,CG3*17
1133,time-8,AKDRGRGGGYDYIVFD_V3-30*18,J4*02,CG3*17
1134,time-8,AKDRGRGGGYDYIVFD_V3-30*18,J4*02,CG3*17
1135,time-8,AKGVASRPDDLPD_V3-30*18,J4*02,CG3*17
1136,time-8,VRHKGTSGYYFD_V3-30*18,J4*02,CG3*17
1137,time-8,IKDVGFFDSY_V3-30*18,J5*01,CG3*17
1138,time-8,VKDVGFFDSY_V3-30*18,J5*01,CG3*17
1139,time-8,AKNYASGNPFYD_V3-30,J4*02,CG3*17
1140,time-8,ARSVGQQLPANWFD_V3-30-3*01,J5*02,CG3*17
1141,time-8,VRDEGRDGYNSIFYGMD_V3-30-3*01,J6*02,CG3*17
1142,time-8,ARAQSDGDYTAYFD_V3-33*01,J,CG3*17
1143,time-8,ATEFDWLSAFD_V3-33*01,J4*02,CG3*17
1144,time-8,ARGSRWDILSVLD_V3-33*01,J4*02,CG3*17
1145,time-8,ARDYCRRPSCFD_V3-33*01,J5*01,CG3*17
1146,time-8,ARDGGFREFD_V3-33*01,J5*01,CG3*17
1147,time-8,IGNYLHCGMD_V3-33*01,J6*02,CG3*17
1148,time-8,VRSAVTTRGYQGLD_V3-33*01,J6*02,CG3*17
1149,time-8,ARDPSDAFD_V3-33*02,J3*01,CG3*17
1150,time-8,ARDFRKGGD_V3-33*02,J4*02,CG3*17
1151,time-8,VRDYFDTSGPGG_V3-33*02,J4*02,CG3*17
1152,time-8,ASRVRAST_V3-33*03,J6*04
1153,time-8,AKDDGKWGID_V3-43*01,J4*02,CG3*17
1154,time-8,VRDARDTDLD_V3-48*02,J2*01,CG3*17
1155,time-8,TRDPHALD_V3-48*02,J4*02,CG3*17
1156,time-8,TRDPHALD_V3-48*02,J4*02,CG3*17
1157,time-8,ATYNQRPPVD_V3-48*02,J4*02,CG3*17
1158,time-8,ATYNQRPPVD_V3-48*02,J4*02,CG3*17
1159,time-8,ARQAYDSSGYQD_V3-48*02,J4*02,CG3*17
1160,time-8,ARQAYDSSGYQD_V3-48*02,J4*02,CG3*17
1161,time-8,GRAGHGVDNWID_V3-48*02,J5*02,CG3*17
1162,time-8,ARQVGSKGSGYYFMD_V3-48*02,J6*03,CG3*17
1163,time-8,ARNSGIYS_V3-48*03,J3*01,CG3*17
1164,time-8,TRFHFGLSFD_V3-48*03,J4*02,CG3*17
1165,time-8,ARDSGICPDFNCHHFD_V3-48*03,J4*02,CG3*17
1166,time-8,AREAAAGDFD_V3-48*03,J4*02,CG3*17
1167,time-8,AREAAAGDFD_V3-48*03,J4*02,CG3*17
1168,time-8,ARDGGSRGSSAGFD_V3-48*03,J5*02,CG3*17
1169,time-8,ARDGGSRGSSAGFD_V3-48*03,J5*02,CG3*17
1170,time-8,ARDPSYYSESSGLD_V3-48,J4*02,CG3*17
1171,time-8,TRHISLLMGG_V3-49*02,J1*01,CG3*17
1172,time-8,TTRQQLY_V3-49*04,J1*01,CG3*17
1173,time-8,TRHISMLMGG_V3-49*04,J1*01,CG3*17
1174,time-8,TRDPHGDDFRG_V3-49*04,J4*02,CG3*17
1175,time-8,ARGSDRNWFD_V3-49*04,J5*02,CG3*17
1176,time-8,ARGGDRNWFD_V3-49*04,J5*02,CG3*17
1177,time-8,ARGYCPDGICNNNPE_V3-53*01,J1*01,CG3*17
1178,time-8,ARDYGRSVIW_V3-53*01,J1*01,CG3*17
1179,time-8,VRQVTEFSTMTTPARDWYFD_V3-53*01,J2*01,CG3*17
1180,time-8,AAPLGGFAVGSDAFD_V3-53*01,J3*01,CG3*17
1181,time-8,ARGFYDSSGFYPNGFD_V3-53*01,J3*02,CG3*17
1182,time-8,ATFGGVSGVPPG_V3-53*01,J4*02,CG3*17
1183,time-8,AGAIAYFD_V3-53*01,J4*02,CG3*17
1184,time-8,ARSRDGSGRNWGRDYDYFYMD_V3-53*01,J6*03,CG3*17
1185,time-8,ARSRDGSGSYWGREYDYFYMD_V3-53*01,J6*03,CG3*17
1186,time-8,ARSRDGSGSYWGRDYDYFYMD_V3-53*01,J6*03,CG3*17
1187,time-8,ARSRDGSGSYWGRDYDYFYMD_V3-53*01,J6*03,CG3*17
1188,time-8,ARSGDGSGSHWGRDYFYYYMD_V3-53*01,J6*03,CG3*17
1189,time-8,ARSGDGSGSHRGRDYFYYYMD_V3-53*01,J6*03,CG3*17
1190,time-8,ARSGDGSGSHWGRDYFYFYMD_V3-53*01,J6*03,CG3*17
1191,time-8,ARSGDGSGSQWGRDYFYYYMD_V3-53*01,J6*03,CG3*17
1192,time-8,ARDYGRSVIW_V3-53*02,J1*01,CG3*17
1193,time-8,ARVSVGTTYDAFD_V3-53*02,J3*02,CG3*17
1194,time-8,ARDLGYIKLYGGYGMD_V3-53*02,J6*02,CG3*17
1195,time-8,ARSGDGSGSHWGRDYFYYYMD_V3-53*02,J6*03,CG3*17
1196,time-8,ARVTVVAQELDYMD_V3-53*02,J6*03,CG3*17
1197,time-8,ARETGDYAFD_V3-64*01,J3*02,CG3*17
1198,time-8,ARPVDYFWSAYY_V3-64,J,CG3*17
1199,time-8,VRESLHSYYFD_V3-64,J,CG3*17
1200,time-8,ARGYCPDGICNNNPE_V3-66*03,J1*01,CG3*17
1201,time-8,ARGYCPDGICNNNPE_V3-66*03,J1*01,CG3*17
1202,time-8,ARGYCPDGICNNNPE_V3-66*03,J1*01,CG3*17
1203,time-8,ATGWAAAY_V3-7*01,J1*01,CG3*17
1204,time-8,ARENGYCSGGRCFFYFD_V3-7*01,J1*01,CG3*17
1205,time-8,CDAEKGYFE_V3-7*01,J1*01,CG3*17
1206,time-8,AKDSYSKAD_V3-7*01,J2*01,CG3*17
1207,time-8,ATEGVPTTFDAFE_V3-7*01,J3*01,CG3*17
1208,time-8,ARDKNQLPFFGGDDAFD_V3-7*01,J3*01,CG3*17
1209,time-8,ARDRSHYSSAWYDVLD_V3-7*01,J3*01,CG3*17
1210,time-8,ARDFSPDSGERYFDALD_V3-7*01,J3*01,CG3*17
1211,time-8,ARDFSPDSGERYFDALD_V3-7*01,J3*01,CG3*17
1212,time-8,ARGIFGDSVAFD_V3-7*01,J3*01,CG3*17
1213,time-8,GRGTSD_V3-7*01,J3*01,CG3*17
1214,time-8,ARDFSPKVGDIWCDAFD_V3-7*01,J3*02,CG3*17
1215,time-8,TREKWMFD_V3-7*01,J4*02,CG3*17
1216,time-8,TRFHFGLSFD_V3-7*01,J4*02,CG3*17
1217,time-8,AYGGWFFD_V3-7*01,J4*02,CG3*17
1218,time-8,ARHSYGNPGD_V3-7*01,J4*02,CG3*17
1219,time-8,ARLSLRNTED_V3-7*01,J4*02,CG3*17
1220,time-8,ARENWAID_V3-7*01,J4*02,CG3*17
1221,time-8,ARDPSSDSSAWYYFD_V3-7*01,J4*02,CG3*17
1222,time-8,ARFSRSNVA_V3-7*01,J4*02,CG3*17
1223,time-8,ARSTFSSSD_V3-7*01,J4*02,CG3*17
1224,time-8,ARGPFTVID_V3-7*01,J4*02,CG3*17
1225,time-8,ARGPFTVID_V3-7*01,J4*02,CG3*17
1226,time-8,AGGGGFLSD_V3-7*01,J4*02,CG3*17
1227,time-8,AGGGGFLSD_V3-7*01,J4*02,CG3*17
1228,time-8,VREGWDSLLE_V3-7*01,J4*02,CG3*17
1229,time-8,VVDSSGYYGGV_V3-7*01,J4*02,CG3*17
1230,time-8,ASPTGPSGSGWTPGG_V3-7*01,J5*01,CG3*17
1231,time-8,ARGGASRLD_V3-7*01,J5*02,CG3*17
1232,time-8,ARGRGLD_V3-7*01,J6*02,CG3*17
1233,time-8,ARGRGLD_V3-7*01,J6*02,CG3*17
1234,time-8,ARGRGLD_V3-7*01,J6*02,CG3*17
1235,time-8,ARGRGLD_V3-7*01,J6*02,CG3*17
1236,time-8,AGGTGWLVT_V3-7*01,J6*02,CG3*17
1237,time-8,GNSQRGYAMD_V3-7*01,J6*02,CG3*17
1238,time-8,ARDANRGGDLD_V3-7*01,J6*03,CG3*17
1239,time-8,ATARSADWTYNYFYME_V3-7*01,J6*03,CG3*17
1240,time-8,ARDFYYYLD_V3-7*01,J6*03,CG3*17
1241,time-8,TRRGNAAAARMD_V3-7*01,J6*04,CG3*17
1242,time-8,AGGDDSD_V3-7*01,J6*04,CG3*17
1243,time-8,ARDHPMWEISID_V3-7*03,J5*01,CG3*17
1244,time-8,VRVHGDGTWHFD_V3-72*01,J1*01,CG3*17
1245,time-8,SRVTSGDKDWCFD_V3-72*01,J2*01,CG3*17
1246,time-8,AFAGGSYFSYFD_V3-72*01,J4*02,CG3*17
1247,time-8,ARDESDSDWSKFA_V3-72*01,J4*02,CG3*17
1248,time-8,VRVPQNYGSRTNYPD_V3-72*01,J4*02,CG3*17
1249,time-8,TRSYSKLGAQYYLD_V3-72*01,J6*03,CG3*17
1250,time-8,ARIEINYYYMD_V3-72*01,J6*03,CG3*17
1251,time-8,ARMRKVGSVWSGFE_V3-74*01,J1*01,CG3*17
1252,time-8,TTDSLG_V3-74*01,J3*01,CG3*17
1253,time-8,ARERFLEWSPDDAFD_V3-74*01,J3*02,CG3*17
1254,time-8,ARAYPYESFD_V3-74*01,J4*02,CG3*17
1255,time-8,ARAYPYESFD_V3-74*01,J4*02,CG3*17
1256,time-8,VRGCPDGVCYGQNG_V3-74*01,J4*02,CG3*17
1257,time-8,VRSRWYSFD_V3-74*01,J4*02,CG3*17
1258,time-8,SRDLSGRDD_V3-74*01,J4*02,CG3*17
1259,time-8,VYDTSRVYHVPGD_V3-74*01,J5*01,CG3*17
1260,time-8,ATFRSGGV_V3-74*01,J6*02,CG3*17
1261,time-8,ASHHESSLSWGPMD_V3-74*01,J6*03,CG3*17
1262,time-8,ASHHESRLSWGPMD_V3-74*01,J6*03,CG3*17
1263,time-8,ARDPTTDLTLD_V3-74*02,J4*02,CG3*17
1264,time-8,VGGCTNGVCYGQNG_V3-74*02,J4*02,CG3*17
1265,time-8,ARDGPDAFQ_V3-74*03,J1*01,CG3*17
1266,time-8,ARGLNQGVAYGD_V3-74*03,J1*01,CG3*17
1267,time-8,ASSLPYEGFE_V3-74*03,J1*01,CG3*17
1268,time-8,AREGCTSTSCSGYFD_V3-74*03,J2*01,CG3*17
1269,time-8,AKLRSDMSNPLLDAFD_V3-74*03,J3*01,CG3*17
1270,time-8,ARGGEYVWDVID_V3-74*03,J4*02,CG3*17
1271,time-8,ASLGVRGEVD_V3-74*03,J4*02,CG3*17
1272,time-8,ARGRYYGMD_V3-74*03,J6*02,CG3*17
1273,time-8,GSHHESSVSWGPMD_V3-74*03,J6*03,CG3*17
1274,time-8,VKGGTAYYEAFD_V3-9*01,J3*02,CG3*17
1275,time-8,AKATASYGSGGQFD_V3-9*01,J4*02,CG3*17
1276,time-8,ASAPITILGRNYFD_V3-9*01,J4*02,CG3*17
1277,time-8,AKDFRWTIFGAGGDHGMD_V3-9*01,J6*02,CG3*17
1278,time-8,AKDISQQLIRGSLSPYGMD_V3-9*01,J6*02,CG3*17
1279,time-8,GKDMTPGGLD_V3-9*02,J4*02,CG3*17
1280,time-8,GKDLTPGGLD_V3-9*02,J4*02,CG3*17
1281,time-8,VKSYSSVPSGETNDAFH_V3-9*03,J3*02,CG3*17
1282,time-8,VKSYSSVPSGETNDAFH_V3-9*03,J3*02,CG3*17
1283,time-8,TKGSYTRRGGSYYRDYFD_V3-9*03,J4*02,CG3*17
1284,time-8,IKDVGFFDSY_V3-NL1*01,J5*01,CG3*17
1285,time-8,LRGCSDGVCFGA_V3/OR16-13*01,J1*01,CG3*17
1286,time-8,ARAVV_V3/OR16-13*01,J1*01,CG3*17
1287,time-8,ARDPSDAFD_V3/OR16-13*01,J3*01,CG3*17
1288,time-8,ARGHRVQFSLYNTD_V3/OR16-13*01,J6*02,CG3*17
1289,time-9,TRGAIGRSGYPLFR_V3,J1*01,CG3*17
1290,time-9,AKDLGPSSFYDTRGFDFG_V3,J1*01,CG3*17
1291,time-9,ARDFYYYFD_V3,J2*01,CG3*17
1292,time-9,ASQAPRVGAPR_V3,J3*01,CG3*17
1293,time-9,AKEFRGGLDATAGG_V3,J3*01,CG3*17
1294,time-9,AKWNGLNFVDAFD_V3,J3*01,CG3*17
1295,time-9,AGHTELD_V3,J3*02,CG3*17
1296,time-9,ATGKGYLID_V3,J4*02,CG3*17
1297,time-9,ATYNRRPQVD_V3,J4*02,CG3*17
1298,time-9,ATYNRRPQVD_V3,J4*02,CG3*17
1299,time-9,ARGGSTTSWYWV_V3,J4*02,CG3*17
1300,time-9,ARLWGFAPH_V3,J5*01,CG3*17
1301,time-9,ASAGPGYCSGSVCSRGFD_V3,J5*01,CG3*17
1302,time-9,SRDCCDRDENMYD_V3,J5*01,CG3*17
1303,time-9,ARDPNSASGAYWAYNRFD_V3,J5*02,CG3*17
1304,time-9,ARGTHYCSSTSCYVNWLD_V3,J5*02,CG3*17
1305,time-9,ARDYYYYID_V3,J6*03,CG3*17
1306,time-9,AREYYDDSGSVSYYNYYMD_V3,J6*03,CG3*17
1307,time-9,ARRRGGPGALVLPTGRFVFWDLRARGIGIADWKICVFE_V3-11*01,J3*02,CG3*17
1308,time-9,ARAIRGWHFGSAWFD_V3-11*01,J5*02,CG3*17
1309,time-9,ASPATYCGGECHNWFA_V3-11*01,J5*02,CG3*17
1310,time-9,ARDFGRRLNVPAAGLSG_V3-11*04,J,CG3*17
1311,time-9,AREFFYKFD_V3-11*04,J1*01,CG3*17
1312,time-9,ARAVAGALD_V3-11*04,J4*02,CG3*17
1313,time-9,ARWVGGFD_V3-11*04,J4*02,CG3*17
1314,time-9,ARPRIGTFD_V3-11*04,J5*01,CG3*17
1315,time-9,ARDRVWFGELN_V3-11*04,J5*01,CG3*17
1316,time-9,ASPYDISWLGFQ_V3-11*05,J1*01,CG3*17
1317,time-9,AWPVRMPN_V3-11*05,J4*01,CG3*17
1318,time-9,TRDPRLLD_V3-11*06,J4*02,CG3*17
1319,time-9,ARENFYKFD_V3-11,J1*01,CG3*17
1320,time-9,ATGRDGWD_V3-13*01,J4*02,CG3*17
1321,time-9,VTGRDGWD_V3-13*01,J5*02,CG3*17
1322,time-9,ARGTSVAGADFSFYSGMD_V3-13*01,J6*02,CG3*17
1323,time-9,IAVGSPP_V3-15*01,J1*01,CG3*17
1324,time-9,NTDRFASPVD_V3-15*01,J3*02,CG3*17
1325,time-9,TTERTEFFEDAFD_V3-15*01,J3*02,CG3*17
1326,time-9,TAIVGGNDEWD_V3-15*01,J4*02,CG3*17
1327,time-9,TAIVGVNDEWD_V3-15*01,J4*02,CG3*17
1328,time-9,TSIVGSYDQWD_V3-15*01,J4*02,CG3*17
1329,time-9,ITDPGYWPD_V3-15*01,J4*02,CG3*17
1330,time-9,TAIVGGDDEWD_V3-15*01,J5*01,CG3*17
1331,time-9,TAIVGGDDEWD_V3-15*01,J5*01,CG3*17
1332,time-9,TTDNWVYAMD_V3-15*01,J6*02,CG3*17
1333,time-9,STDLGLYGLD_V3-15*01,J6*02,CG3*17
1334,time-9,STDIGYYGLD_V3-15*01,J6*02,CG3*17
1335,time-9,ATDTNRRHVD_V3-15*01,J6*02,CG3*17
1336,time-9,TTDSGA_V3-15*05,J4*01,CG3*17
1337,time-9,MTVGSPP_V3-15*06,J1*01,CG3*17
1338,time-9,IAEVDCSGGRCYSG_V3-15*07,J1*01,CG3*17
1339,time-9,ITDPGYWPD_V3-15*07,J4*02,CG3*17
1340,time-9,VADNEDDGIP_V3-15*07,J4*02,CG3*17
1341,time-9,ARDLPGWTRGGWYFD_V3-21*01,J2*01,CG3*17
1342,time-9,AIGGYTSSWYWR_V3-21*01,J2*01,CG3*17
1343,time-9,ATWGQGGAFD_V3-21*01,J3*02,CG3*17
1344,time-9,SRGSGDYLRNDAFE_V3-21*01,J3*02,CG3*17
1345,time-9,SRGSGDYLRTDAFE_V3-21*01,J3*02,CG3*17
1346,time-9,ARDSTVTNGEFD_V3-21*01,J4*02,CG3*17
1347,time-9,ARAQSSGWYDFPD_V3-21*01,J4*02,CG3*17
1348,time-9,ARGGGAPD_V3-21*01,J4*02,CG3*17
1349,time-9,ARGSASDFWSGYPTFGNE_V3-21*01,J4*02,CG3*17
1350,time-9,ARYDYVWGRTPPD_V3-21*01,J4*02,CG3*17
1351,time-9,ARWLQLDGSFD_V3-21*01,J4*02,CG3*17
1352,time-9,ARLVGAAYYFD_V3-21*01,J4*02,CG3*17
1353,time-9,ARFHFGLPFD_V3-21*01,J4*02,CG3*17
1354,time-9,ASYNDYGHPA_V3-21*01,J4*02,CG3*17
1355,time-9,VRHTQRPTYYFD_V3-21*01,J4*02,CG3*17
1356,time-9,ARDPPGLGMD_V3-21*01,J6*02,CG3*17
1357,time-9,ARARIHFADRSGRYGLD_V3-21*01,J6*02,CG3*17
1358,time-9,ARGSDYYDDPYHFDMH_V3-21*01,J6*02,CG3*17
1359,time-9,ARDNDGDLADYYYYYYYMD_V3-21*01,J6*03,CG3*17
1360,time-9,ARDPYPRGRLE_V3-21*02,J1*01,CG3*17
1361,time-9,ASIPVAGSWYFD_V3-21*02,J2*01,CG3*17
1362,time-9,VRDGWLKFRGLPDAFD_V3-21*02,J3*01,CG3*17
1363,time-9,AREELTQGHCTTTSCLNYFD_V3-21*02,J4*02,CG3*17
1364,time-9,AKDIWAWTFD_V3-23*01,J,CG3*17
1365,time-9,VKDSLGYSFD_V3-23*01,J,CG3*17
1366,time-9,AKDKYWELVRSGYFD_V3-23*01,J1*01,CG3*17
1367,time-9,AKDLH_V3-23*01,J1*01,CG3*17
1368,time-9,TRWSGFGD_V3-23*01,J2*01,CG3*17
1369,time-9,AKVYSASGIDFSWD_V3-23*01,J2*01,CG3*17
1370,time-9,ARDYNYMTGYHSDLG_V3-23*01,J2*01,CG3*17
1371,time-9,AKDGGPGRGAFD_V3-23*01,J3*02,CG3*17
1372,time-9,AKGRRDWVHDAFD_V3-23*01,J3*02,CG3*17
1373,time-9,AKDRDDYGDFDFD_V3-23*01,J4*02,CG3*17
1374,time-9,AKDDYCGLGGCSFD_V3-23*01,J4*02,CG3*17
1375,time-9,AKDWEYYYDSSGAFPD_V3-23*01,J4*02,CG3*17
1376,time-9,AKDWEYYYDSSGAFPD_V3-23*01,J4*02,CG3*17
1377,time-9,AKDNPLDDGIWLGLID_V3-23*01,J4*02,CG3*17
1378,time-9,AKDVLGWTFD_V3-23*01,J4*02,CG3*17
1379,time-9,AKGHEESLLYEAVSVDYFD_V3-23*01,J4*02,CG3*17
1380,time-9,AKVSTVATIHYFD_V3-23*01,J4*02,CG3*17
1381,time-9,AKDRTDFGDFDFD_V3-23*01,J4*02,CG3*17
1382,time-9,AKDGAADVYYFD_V3-23*01,J4*02,CG3*17
1383,time-9,AKEEVPND_V3-23*01,J4*02,CG3*17
1384,time-9,ATEEVPND_V3-23*01,J4*02,CG3*17
1385,time-9,VKDSLGYSFD_V3-23*01,J4*02,CG3*17
1386,time-9,VKDSLGYSFD_V3-23*01,J4*02,CG3*17
1387,time-9,AKVGRENSIDMWFD_V3-23*01,J5*01,CG3*17
1388,time-9,TKDGIVVAATYFYYMD_V3-23*01,J6*03,CG3*17
1389,time-9,AKDGHNVIYYYYMD_V3-23*01,J6*03,CG3*17
1390,time-9,AKEEVPND_V3-23*02,J4*02,CG3*17
1391,time-9,AKEIRGPTIVRYFD_V3-23*04,J1*01,CG3*17
1392,time-9,HFAPYYDFWTGDDTSD_V3-23*04,J3*01,CG3*17
1393,time-9,AKFRTEWDLLGENGFD_V3-23*04,J3*01,CG3*17
1394,time-9,VKDRGSIFGD_V3-23*04,J3*01,CG3*17
1395,time-9,AKLGTTVKPKDMLLD_V3-23*04,J3*02,CG3*17
1396,time-9,AKASGNSYGREYSD_V3-23*04,J4*01,CG3*17
1397,time-9,AKSRSGWYCPACYFD_V3-23*04,J4*02,CG3*17
1398,time-9,AKPPPAGFFFD_V3-23*04,J4*02,CG3*17
1399,time-9,AKENAYNRAFD_V3-23*04,J4*02,CG3*17
1400,time-9,AKCRWELLDQNFFA_V3-23*04,J4*02,CG3*17
1401,time-9,AKCRWELLDQNFFA_V3-23*04,J4*02,CG3*17
1402,time-9,ARVRNVDYYDRSGLFRPSRYYFD_V3-23*04,J4*02,CG3*17
1403,time-9,VKAQSGNLPQFD_V3-23*04,J4*02,CG3*17
1404,time-9,AKDVDDYGDYVSD_V3-23*04,J5*01,CG3*17
1405,time-9,AKDWGIGVAGTPID_V3-23*04,J5*01,CG3*17
1406,time-9,AKPNGRGNWFD_V3-23*04,J5*02,CG3*17
1407,time-9,ARDFRVEVVADDWLD_V3-23*04,J5*02,CG3*17
1408,time-9,VKDRGAIFGD_V3-23*04,J6*01,CG3*17
1409,time-9,AKMKGPGRHQDYGMD_V3-23*04,J6*02,CG3*17
1410,time-9,AKWGDSWSGYPFYYHGMD_V3-23*04,J6*02,CG3*17
1411,time-9,ARRNHLFDYGMD_V3-23*04,J6*02,CG3*17
1412,time-9,VKDRGTIFGD_V3-23*04,J6*02,CG3*17
1413,time-9,AKDSSSWIYYYMD_V3-23*04,J6*03,CG3*17
1414,time-9,TTVRGIGSCP_V3-23*05,J1*01,CG3*17
1415,time-9,AKEIRGPTIVRYFD_V3-23*05,J1*01,CG3*17
1416,time-9,AKDLHMITFGGVPS_V3-23*05,J1*01,CG3*17
1417,time-9,AKGQPSSPDYYDSSAYYPE_V3-23*05,J1*01,CG3*17
1418,time-9,AKGGCGDGNCWALVF_V3-23*05,J1*01,CG3*17
1419,time-9,AKFGQDWDQWELLG_V3-23*05,J1*01,CG3*17
1420,time-9,ATDPNWAGY_V3-23*05,J1*01,CG3*17
1421,time-9,ATDPNWAGY_V3-23*05,J1*01,CG3*17
1422,time-9,AAIVIPATNI_V3-23*05,J1*01,CG3*17
1423,time-9,ASQAPRVGAPR_V3-23*05,J3*01,CG3*17
1424,time-9,ASQAPRVGAPR_V3-23*05,J3*01,CG3*17
1425,time-9,AKDPRSADAFD_V3-23*05,J3*02,CG3*17
1426,time-9,AKDWEYYYDSSGAFPD_V3-23*05,J4*02,CG3*17
1427,time-9,AKDIYHWEFD_V3-23*05,J4*02,CG3*17
1428,time-9,AKDREGRRTEEFD_V3-23*05,J4*02,CG3*17
1429,time-9,AKGPQYQLVWYFD_V3-23*05,J4*02,CG3*17
1430,time-9,VKDKGAIFGD_V3-23*05,J4*02,CG3*17
1431,time-9,VKGLRAMH_V3-23*05,J4*02,CG3*17
1432,time-9,AKDWGGYGSVFD_V3-23*05,J5*01,CG3*17
1433,time-9,ATDPNWGGY_V3-23*05,J5*01,CG3*17
1434,time-9,ATDPNWGGY_V3-23*05,J5*01,CG3*17
1435,time-9,ARDRIGNSGWID_V3-23*05,J5*01,CG3*17
1436,time-9,AKEIQGFIYQTGLGVFD_V3-23*05,J5*02,CG3*17
1437,time-9,AKVGHNLDHWALLG_V3-23*05,J5*02,CG3*17
1438,time-9,AKVGHNLDHWALLG_V3-23*05,J5*02,CG3*17
1439,time-9,ATDPNWGGY_V3-23*05,J5*02,CG3*17
1440,time-9,AKDPQVAYYYYYYYMD_V3-23*05,J6*03,CG3*17
1441,time-9,AREPWGSHRYGDTTD_V3-30*03,J3*01,CG3*17
1442,time-9,ANGAFGGRPDFD_V3-30*03,J4*02,CG3*17
1443,time-9,ANGAFGGRPDFD_V3-30*03,J4*02,CG3*17
1444,time-9,AKDDASGRYSYYNGVD_V3-30*03,J6*02,CG3*17
1445,time-9,AKGYGLVLMYYFD_V3-30*18,J,CG3*17
1446,time-9,TKEGRVENWHFD_V3-30*18,J2*01,CG3*17
1447,time-9,ATLMGHDYGAIRAFD_V3-30*18,J3*01,CG3*17
1448,time-9,AKEFRGGLDATAGG_V3-30*18,J3*01,CG3*17
1449,time-9,AKEFRGGLDATAGG_V3-30*18,J3*01,CG3*17
1450,time-9,AKEFRGGLDATAGG_V3-30*18,J3*01,CG3*17
1451,time-9,AKSPCSDGTCDLYYFD_V3-30*18,J4*02,CG3*17
1452,time-9,AKSDGGYYAFD_V3-30*18,J4*02,CG3*17
1453,time-9,AKDEGDRSLEYYFD_V3-30*18,J4*02,CG3*17
1454,time-9,AKGGGGGGGNTELG_V3-30*18,J4*02,CG3*17
1455,time-9,AKGPSHCTSTSCYGGFD_V3-30*18,J4*02,CG3*17
1456,time-9,AKGGGDYSFD_V3-30*18,J4*02,CG3*17
1457,time-9,VKSTCSDGNCNLYYFD_V3-30*18,J4*02,CG3*17
1458,time-9,AKDLYGSGWYNYFD_V3-30*18,J5*02,CG3*17
1459,time-9,AKFNGGFD_V3-30*18,J5*02,CG3*17
1460,time-9,AKDRSQYNWKDVSAMD_V3-30*18,J6*02,CG3*17
1461,time-9,VKEMEAGGDDFYYGMD_V3-30*18,J6*02,CG3*17
1462,time-9,AKGVVRWGHELNGDYYHYMD_V3-30*18,J6*03,CG3*17
1463,time-9,GLSKVGATD_V3-30,J4*02,CG3*17
1464,time-9,ATSPNGGSRLV_V3-30,J5*01,CG3*17
1465,time-9,AKGRGYSTTGGMD_V3-30,J6*02,CG3*17
1466,time-9,ARELGSDFELD_V3-30-3*01,J1*01,CG3*17
1467,time-9,VRDFQNGGD_V3-30-3*01,J3*02,CG3*17
1468,time-9,ARLPTTTETTGDFD_V3-30-3*01,J4*02,CG3*17
1469,time-9,ARDPGSGINGGNYFG_V3-30-3*01,J4*02,CG3*17
1470,time-9,ARVAAIAPYPD_V3-30-3*01,J4*02,CG3*17
1471,time-9,ARELGADFELD_V3-30-3*01,J5*01,CG3*17
1472,time-9,AREIYLPKWFFD_V3-30-3*01,J5*02,CG3*17
1473,time-9,AKPLSSSVVATSGND_V3-30-3*02,J4*02,CG3*17
1474,time-9,ARAVGEGNSGGYFD_V3-33*01,J1*01,CG3*17
1475,time-9,ARERPLTSGASDVFD_V3-33*01,J3*02,CG3*17
1476,time-9,ARDDGNGTPGPFG_V3-33*01,J3*02,CG3*17
1477,time-9,ARDCSALGPNKDYFD_V3-33*01,J4*02,CG3*17
1478,time-9,ARGRTAWSFFD_V3-33*01,J4*02,CG3*17
1479,time-9,ARGYISSWGD_V3-33*01,J5*01,CG3*17
1480,time-9,ARNSYYFESSGVLGWSD_V3-33*01,J5*02,CG3*17
1481,time-9,ARMRRLGGNGPD_V3-33*01,J5*02,CG3*17
1482,time-9,ARDFPIVGASSNYGLD_V3-33*01,J6*02,CG3*17
1483,time-9,AREGSLTPGGSDVFD_V3-33*02,J3*02,CG3*17
1484,time-9,ARLTSGWFSVD_V3-33*02,J4*02,CG3*17
1485,time-9,ARLTSGWFSVD_V3-33*02,J4*02,CG3*17
1486,time-9,TRSKRTVTGFYMD_V3-33*02,J6*03,CG3*17
1487,time-9,ARSKRTVIGFYMD_V3-33*02,J6*03,CG3*17
1488,time-9,ATEVLGGQGAFD_V3-33*03,J3*02,CG3*17
1489,time-9,ARSKNTVNRFYMD_V3-33*04,J6*03,CG3*17
1490,time-9,VRQAPQGLIYAGRYFD_V3-33*05,J4*02,CG3*17
1491,time-9,AKDGVGITSTPTPSFA_V3-33*06,J4*02,CG3*17
1492,time-9,AALRHSNYVGGLD_V3-33*06,J5*02,CG3*17
1493,time-9,ARDRLNYYDSSGYYPPGYYYGLD_V3-38-3*01,J6*02,CG3*17
1494,time-9,AKDFSGAM_V3-43*01,J4*02,CG3*17
1495,time-9,AKAECADNCYLTD_V3-43*01,J4*02,CG3*17
1496,time-9,ARAAPGQLIPLD_V3-43*01,J4*02,CG3*17
1497,time-9,AKDFSGFQNSLFYFHYMD_V3-43*01,J6*03,CG3*17
1498,time-9,ARDRSTGTTYFMD_V3-43*01,J6*03,CG3*17
1499,time-9,AKDLGPSSFYDTRGFDFG_V3-43D*01,J1*01,CG3*17
1500,time-9,ARVADGYMNYYFD_V3-48*02,J,CG3*17
1501,time-9,TRGRMYDSIGYYD_V3-48*02,J1*01,CG3*17
1502,time-9,ARGRTYDSIGYYD_V3-48*02,J1*01,CG3*17
1503,time-9,ATYVSCSTSSCTAPENYYWYFD_V3-48*02,J2*01,CG3*17
1504,time-9,AKATIYDALD_V3-48*02,J3*01,CG3*17
1505,time-9,ARDLGIQGAID_V3-48*02,J4*02,CG3*17
1506,time-9,AKDRDWAFD_V3-48*02,J4*02,CG3*17
1507,time-9,ATYNRRPQVD_V3-48*02,J4*02,CG3*17
1508,time-9,AREVFQGSGGFD_V3-48*02,J4*02,CG3*17
1509,time-9,ARDRGGTYYID_V3-48*02,J4*02,CG3*17
1510,time-9,ARDLGIQGAID_V3-48*02,J4*02,CG3*17
1511,time-9,ARDLGIQGAID_V3-48*02,J4*02,CG3*17
1512,time-9,ARDLGIQGAID_V3-48*02,J4*02,CG3*17
1513,time-9,ARDLGIQGAID_V3-48*02,J4*02,CG3*17
1514,time-9,ARDASHVEDTDWYYFD_V3-48*02,J4*02,CG3*17
1515,time-9,ARDASPVEGTGWYYFD_V3-48*02,J4*02,CG3*17
1516,time-9,ARGWLENTFD_V3-48*02,J4*02,CG3*17
1517,time-9,ARGWLENTFD_V3-48*02,J4*02,CG3*17
1518,time-9,VRDRDYAFD_V3-48*02,J4*02,CG3*17
1519,time-9,VRDLNWGFD_V3-48*02,J4*02,CG3*17
1520,time-9,VRDLNWGFD_V3-48*02,J4*02,CG3*17
1521,time-9,VRALTQTRVTTG_V3-48*02,J4*02,CG3*17
1522,time-9,CTSCFVDCSLY_V3-48*02,J4*02,CG3*17
1523,time-9,CTSCFVDCSLY_V3-48*02,J4*03,CG3*17
1524,time-9,ARQVGSKGSGFYFMD_V3-48*02,J6*03,CG3*17
1525,time-9,AREGRGGFYYYYYMD_V3-48*02,J6*03,CG3*17
1526,time-9,SRSNSRGGYYYFMD_V3-48*02,J6*04,CG3*17
1527,time-9,ARGQSSLNTIFRSYFD_V3-48*03,J2*01,CG3*17
1528,time-9,ARNSGIFS_V3-48*03,J3*01,CG3*17
1529,time-9,ARNSGIYS_V3-48*03,J3*01,CG3*17
1530,time-9,ATSRDGKAFD_V3-48*03,J3*02,CG3*17
1531,time-9,ARETTVTPDGLD_V3-48*03,J3*02,CG3*17
1532,time-9,TRDQGYGDYW_V3-48*03,J4*02,CG3*17
1533,time-9,ATGWNDGCHFD_V3-48*03,J4*02,CG3*17
1534,time-9,ARDDGGLE_V3-48*03,J4*02,CG3*17
1535,time-9,ARGRLAAAGMID_V3-48*03,J4*02,CG3*17
1536,time-9,AREVDDNGFD_V3-48*03,J4*02,CG3*17
1537,time-9,ARDGGNRGNSAGFD_V3-48*03,J5*02,CG3*17
1538,time-9,ARDSPNLNWFD_V3-48*03,J5*02,CG3*17
1539,time-9,ARGRGS_V3-48*03,J5*02,CG3*17
1540,time-9,ARVWRTEGEGYN_V3-48*04,J1*01,CG3*17
1541,time-9,ARQVGSKGSGYYFMD_V3-48*04,J6*03,CG3*17
1542,time-9,ARVYASTPYFMD_V3-48*04,J6*04,CG3*17
1543,time-9,TRIGDGFNYAFD_V3-49*03,J4*02,CG3*17
1544,time-9,TRIGDGFNYAFD_V3-49*03,J4*02,CG3*17
1545,time-9,TGGRGWLTD_V3-49*03,J4*02,CG3*17
1546,time-9,TRHISLLMGG_V3-49*04,J1*01,CG3*17
1547,time-9,TRHIVLLMGG_V3-49*04,J1*01,CG3*17
1548,time-9,TRDPHGDDFRG_V3-49*04,J1*01,CG3*17
1549,time-9,TRDRPGTYYPITLD_V3-49*04,J4*02,CG3*17
1550,time-9,TRDPHGDYFRG_V3-49*04,J4*02,CG3*17
1551,time-9,ARGLSPRPFD_V3-49*04,J4*02,CG3*17
1552,time-9,TRELWPNTFD_V3-49*04,J5*02,CG3*17
1553,time-9,TREEGATGTDLAEYYGMD_V3-49*04,J6*02,CG3*17
1554,time-9,ARGLEWELG_V3-53*01,J1*01,CG3*17
1555,time-9,ASSLCSGGSCYAGHFH_V3-53*01,J1*01,CG3*17
1556,time-9,ARDLIARAGPVRYFD_V3-53*01,J2*01,CG3*17
1557,time-9,TRGTAG_V3-53*01,J3*01,CG3*17
1558,time-9,AAPLGGFAEGTDAFD_V3-53*01,J3*01,CG3*17
1559,time-9,ARDHGYYYSGINRDDAFD_V3-53*01,J3*02,CG3*17
1560,time-9,VRESVNSSSRAFD_V3-53*01,J3*02,CG3*17
1561,time-9,TRDSGV_V3-53*01,J4*02,CG3*17
1562,time-9,ACGAGEGAKYYFD_V3-53*01,J4*02,CG3*17
1563,time-9,ARDVLGDGYASFD_V3-53*01,J5*01,CG3*17
1564,time-9,ARDRIEWSRGHWFD_V3-53*01,J5*02,CG3*17
1565,time-9,ARVPGF_V3-53*01,J5*02,CG3*17
1566,time-9,AGRVSGVY_V3-53*01,J5*02,CG3*17
1567,time-9,GRDVG_V3-53*01,J5*02,CG3*17
1568,time-9,GRDVG_V3-53*01,J5*02,CG3*17
1569,time-9,AREPGGHLHYYYGMD_V3-53*01,J6*02,CG3*17
1570,time-9,ATDEGYHYMD_V3-53*01,J6*03,CG3*17
1571,time-9,AREGNGRDGFNYLD_V3-53*02,J4*02,CG3*17
1572,time-9,AREGNGRDGFNYLD_V3-53*02,J4*02,CG3*17
1573,time-9,ATGAGDGAKYYFD_V3-53*03,J4*02,CG3*17
1574,time-9,ARGHCSNGICNNNPE_V3-53*03,J4*02,CG3*17
1575,time-9,AREEISRQTALD_V3-64*01,J3*02,CG3*17
1576,time-9,ARETGDYAFD_V3-64*01,J3*02,CG3*17
1577,time-9,AREGIIRRTALD_V3-64,J3*02,CG3*17
1578,time-9,AREPSFGELD_V3-64,J4*02,CG3*17
1579,time-9,ARGGSNSAWYWL_V3-7*01,J,CG3*17
1580,time-9,ATSAAGLP_V3-7*01,J1*01,CG3*17
1581,time-9,AREFYWLFD_V3-7*01,J1*01,CG3*17
1582,time-9,ARESFGYDYD_V3-7*01,J1*01,CG3*17
1583,time-9,ASESTSREEG_V3-7*01,J1*01,CG3*17
1584,time-9,VRGAGWLLE_V3-7*01,J1*01,CG3*17
1585,time-9,ARGGYSTSWYWR_V3-7*01,J2*01,CG3*17
1586,time-9,ARGGSNSAWYWV_V3-7*01,J2*01,CG3*17
1587,time-9,ARGGSNSAWYWV_V3-7*01,J2*01,CG3*17
1588,time-9,AIGGYTSSWYWR_V3-7*01,J2*01,CG3*17
1589,time-9,AIGGYTSSWYWR_V3-7*01,J2*01,CG3*17
1590,time-9,ATEGVPTTFDAFE_V3-7*01,J3*01,CG3*17
1591,time-9,ARGILGDSVAFD_V3-7*01,J3*01,CG3*17
1592,time-9,ARGIFGDSVAFD_V3-7*01,J3*01,CG3*17
1593,time-9,ARGILGDSVAFD_V3-7*01,J3*01,CG3*17
1594,time-9,TRDENYSERKIYYDAFH_V3-7*01,J3*02,CG3*17
1595,time-9,AKLSWPTVRVFD_V3-7*01,J3*02,CG3*17
1596,time-9,ARIPCYGSEICDAFD_V3-7*01,J3*02,CG3*17
1597,time-9,ARENWYVFD_V3-7*01,J3*02,CG3*17
1598,time-9,ARARVYQGWITDVFG_V3-7*01,J3*02,CG3*17
1599,time-9,ARGILGDSVAFD_V3-7*01,J3*02,CG3*17
1600,time-9,ARGIFGDSVAFD_V3-7*01,J3*02,CG3*17
1601,time-9,ARGDERYDFWSGPNDAFD_V3-7*01,J3*02,CG3*17
1602,time-9,VRDGRYCTNIDCKGDGYD_V3-7*01,J3*02,CG3*17
1603,time-9,TRGHWGRR_V3-7*01,J4*02,CG3*17
1604,time-9,AGWASTN_V3-7*01,J4*02,CG3*17
1605,time-9,ARLYGYFD_V3-7*01,J4*02,CG3*17
1606,time-9,ARDQGWEQFD_V3-7*01,J4*02,CG3*17
1607,time-9,ARDPWELL_V3-7*01,J4*02,CG3*17
1608,time-9,ARDPGSSTWYGYFD_V3-7*01,J4*02,CG3*17
1609,time-9,ARDPPIIEMETIAVD_V3-7*01,J4*02,CG3*17
1610,time-9,ARDPPIMEMDTIAVD_V3-7*01,J4*02,CG3*17
1611,time-9,ARDEDGAFD_V3-7*01,J4*02,CG3*17
1612,time-9,ARDEDGAFD_V3-7*01,J4*02,CG3*17
1613,time-9,ARDEDGAFD_V3-7*01,J4*02,CG3*17
1614,time-9,ARDEDGAFD_V3-7*01,J4*02,CG3*17
1615,time-9,ARDEDGAFD_V3-7*01,J4*02,CG3*17
1616,time-9,ARAVYSSGWHFD_V3-7*01,J4*02,CG3*17
1617,time-9,ARGYSFGD_V3-7*01,J4*02,CG3*17
1618,time-9,ARSNWAAND_V3-7*01,J4*02,CG3*17
1619,time-9,ASETWGAYD_V3-7*01,J4*02,CG3*17
1620,time-9,ARSTFSSSD_V3-7*01,J4*02,CG3*17
1621,time-9,ARGTVVDQGGSYYRPLD_V3-7*01,J4*02,CG3*17
1622,time-9,ARVGSHCSSTSCQSTFRPLD_V3-7*01,J4*02,CG3*17
1623,time-9,ARFHFGLPFD_V3-7*01,J4*02,CG3*17
1624,time-9,ARFHFGLPFD_V3-7*01,J4*02,CG3*17
1625,time-9,ARFYFGLSFD_V3-7*01,J4*02,CG3*17
1626,time-9,AGGGGFLSD_V3-7*01,J4*02,CG3*17
1627,time-9,ASVDGWHVMRPNFD_V3-7*01,J4*02,CG3*17
1628,time-9,VRDRGKGSGAYSSPFD_V3-7*01,J4*02,CG3*17
1629,time-9,VRAGYKYGFVDFD_V3-7*01,J4*02,CG3*17
1630,time-9,VRGAGWLLD_V3-7*01,J4*02,CG3*17
1631,time-9,SRGNWNDGG_V3-7*01,J4*02,CG3*17
1632,time-9,SRSNWAAND_V3-7*01,J4*02,CG3*17
1633,time-9,ARGTQLPGID_V3-7*01,J5*01,CG3*17
1634,time-9,AGGNGWLID_V3-7*01,J5*01,CG3*17
1635,time-9,AGGSGWLSD_V3-7*01,J5*01,CG3*17
1636,time-9,AGGSGWLSD_V3-7*01,J5*01,CG3*17
1637,time-9,VRGGGMH_V3-7*01,J5*01,CG3*17
1638,time-9,ATDAGRSGSD_V3-7*01,J5*02,CG3*17
1639,time-9,ATDAGRSGSD_V3-7*01,J5*02,CG3*17
1640,time-9,ARNGENNKDYMGRWRWFD_V3-7*01,J5*02,CG3*17
1641,time-9,ARNLVGERTVD_V3-7*01,J5*02,CG3*17
1642,time-9,ARDIGAGWFD_V3-7*01,J5*02,CG3*17
1643,time-9,ARPSRVVTPSGLGEYWFE_V3-7*01,J5*02,CG3*17
1644,time-9,ASWWMAARPGFD_V3-7*01,J5*02,CG3*17
1645,time-9,AGGTGWLES_V3-7*01,J5*02,CG3*17
1646,time-9,ARDHSGFDIGPKFYYYGMD_V3-7*01,J6*02,CG3*17
1647,time-9,ARDGIGSRIKETTVTFYYYYGMD_V3-7*01,J6*02,CG3*17
1648,time-9,AGGTGWLVT_V3-7*01,J6*02,CG3*17
1649,time-9,VRSSWYPYYGMD_V3-7*01,J6*02,CG3*17
1650,time-9,VREASGMNGMD_V3-7*01,J6*02,CG3*17
1651,time-9,ARDEDFYDISGLYID_V3-7*01,J6*03,CG3*17
1652,time-9,ARSDILPGYFSPEYYYMD_V3-7*01,J6*03,CG3*17
1653,time-9,ARGSFWSGNVLD_V3-7*01,J6*04,CG3*17
1654,time-9,ARSGSYAAMN_V3-72*01,J1*01,CG3*17
1655,time-9,ARGIAVAGYTYFD_V3-72*01,J2*01,CG3*17
1656,time-9,VSVLTSIVGVTGALD_V3-72*01,J3*01,CG3*17
1657,time-9,VRGFHGFD_V3-72*01,J3*01,CG3*17
1658,time-9,TRVGPPGIDAFD_V3-72*01,J3*02,CG3*17
1659,time-9,TRVGPPGIDAFD_V3-72*01,J3*02,CG3*17
1660,time-9,TRVGPPGIDAFD_V3-72*01,J3*02,CG3*17
1661,time-9,TVSYFNPSN_V3-72*01,J4*02,CG3*17
1662,time-9,ARATYSGAHYDYYYYYMD_V3-72*01,J6*03,CG3*17
1663,time-9,ASQLRHTSGYYFEP_V3-73*01,J1*01,CG3*17
1664,time-9,TSGVISSDGSDDYD_V3-73*01,J4*02,CG3*17
1665,time-9,TRIRKVGSTWSGFD_V3-74*01,J,CG3*17
1666,time-9,TRDIGGSRG_V3-74*01,J1*01,CG3*17
1667,time-9,ARRKPEAAAGVFD_V3-74*01,J1*01,CG3*17
1668,time-9,AREDFGGHD_V3-74*01,J1*01,CG3*17
1669,time-9,AREAGDGYNSGWYYFD_V3-74*01,J1*01,CG3*17
1670,time-9,ARMRKVGSVWSGFE_V3-74*01,J1*01,CG3*17
1671,time-9,AGEVSGKND_V3-74*01,J1*01,CG3*17
1672,time-9,TTDSMG_V3-74*01,J3*01,CG3*17
1673,time-9,ARDAGALRGAFD_V3-74*01,J3*02,CG3*17
1674,time-9,VALDLRRGRAVD_V3-74*01,J3*02,CG3*17
1675,time-9,ARRDYFD_V3-74*01,J4*02,CG3*17
1676,time-9,TRDIGGRRA_V3-74*01,J4*02,CG3*17
1677,time-9,TRDIGGRRA_V3-74*01,J4*02,CG3*17
1678,time-9,TRDIGGSRA_V3-74*01,J4*02,CG3*17
1679,time-9,ARENYWKFD_V3-74*01,J4*02,CG3*17
1680,time-9,ARDLRTVVDDHYFD_V3-74*01,J4*02,CG3*17
1681,time-9,ARVSGGVPAN_V3-74*01,J4*02,CG3*17
1682,time-9,ARSLAWLRYEAD_V3-74*01,J4*02,CG3*17
1683,time-9,VRIATVQGAN_V3-74*01,J4*02,CG3*17
1684,time-9,ATEFYGGLD_V3-74*01,J5*01,CG3*17
1685,time-9,ARDLSGRHD_V3-74*01,J5*01,CG3*17
1686,time-9,ARVRVADSSWA_V3-74*01,J5*01,CG3*17
1687,time-9,VKTLT_V3-74*01,J5*01,CG3*17
1688,time-9,ARDLSGRHD_V3-74*01,J5*02,CG3*17
1689,time-9,ARDLSGRYD_V3-74*01,J5*02,CG3*17
1690,time-9,ARDHNGYNWFD_V3-74*01,J5*02,CG3*17
1691,time-9,VRAMVGMGWFD_V3-74*01,J5*02,CG3*17
1692,time-9,AGYSWGGMD_V3-74*01,J6*02,CG3*17
1693,time-9,VKDGDCSSTTCFGRPNDNFFYYGMD_V3-74*01,J6*02,CG3*17
1694,time-9,VRGFQGGVLGPHYAMD_V3-74*01,J6*02,CG3*17
1695,time-9,VRESGLSPLDLD_V3-74*01,J6*02,CG3*17
1696,time-9,ARGDSGHYFDVGLKQYYYYMD_V3-74*01,J6*04,CG3*17
1697,time-9,LRLEM_V3-74*02,J,CG3*17
1698,time-9,TRDIGGRRA_V3-74*02,J1*01,CG3*17
1699,time-9,LRGCSNGVCFGA_V3-74*02,J1*01,CG3*17
1700,time-9,LRGCSNGVCFGA_V3-74*02,J1*01,CG3*17
1701,time-9,ARRKPEAAAGVFD_V3-74*02,J1*01,CG3*17
1702,time-9,ARRKPEAAAGVFD_V3-74*02,J1*01,CG3*17
1703,time-9,ARALGYEA_V3-74*02,J1*01,CG3*17
1704,time-9,AGEVSGKND_V3-74*02,J1*01,CG3*17
1705,time-9,ARGGAEGDYVNLFD_V3-74*02,J4*02,CG3*17
1706,time-9,ARMRKVGSTWSGFD_V3-74*02,J4*02,CG3*17
1707,time-9,SRDLSGRDD_V3-74*02,J4*02,CG3*17
1708,time-9,SRDLIGRDD_V3-74*02,J4*02,CG3*17
1709,time-9,SRDLCGRDD_V3-74*02,J5*01,CG3*17
1710,time-9,ARGGPGSG_V3-74*02,J5*02,CG3*17
1711,time-9,LRLER_V3-74*02,J5*02,CG3*17
1712,time-9,TRENWQYVRAFD_V3-74*03,J1*01,CG3*17
1713,time-9,ARALPYEGFD_V3-74*03,J1*01,CG3*17
1714,time-9,ARSSVKPD_V3-74*03,J1*01,CG3*17
1715,time-9,ASFIMGVP_V3-74*03,J1*01,CG3*17
1716,time-9,AREASFIWD_V3-74*03,J1*01,CG3*17
1717,time-9,VREYYFSAD_V3-74*03,J1*01,CG3*17
1718,time-9,ATLMLVAAFDDFD_V3-74*03,J3*02,CG3*17
1719,time-9,TRDLGWDHPPD_V3-74*03,J4*02,CG3*17
1720,time-9,ATHSSSWAVD_V3-74*03,J4*02,CG3*17
1721,time-9,ARDYDYDSGASYMAFD_V3-74*03,J4*02,CG3*17
1722,time-9,ARGLNQGVGYGD_V3-74*03,J4*02,CG3*17
1723,time-9,ASLGVKGEVD_V3-74*03,J4*02,CG3*17
1724,time-9,VRLPVAGTG_V3-74*03,J4*02,CG3*17
1725,time-9,VRDSSAYYSSGRFFD_V3-74*03,J4*02,CG3*17
1726,time-9,ARDMVGPND_V3-74*03,J5*01,CG3*17
1727,time-9,ARVRVADSSWA_V3-74*03,J5*01,CG3*17
1728,time-9,ARVRVADSSWA_V3-74*03,J5*01,CG3*17
1729,time-9,ARVRVADSSWA_V3-74*03,J5*01,CG3*17
1730,time-9,ARVRVADSSWA_V3-74*03,J5*01,CG3*17
1731,time-9,ARVRVADSSWA_V3-74*03,J5*01,CG3*17
1732,time-9,AKEMWATLD_V3-74*03,J5*02,CG3*17
1733,time-9,AKEMWATLD_V3-74*03,J5*02,CG3*17
1734,time-9,ANIVARQWS_V3-74*03,J5*02,CG3*17
1735,time-9,VRGNKWFPLD_V3-74*03,J5*02,CG3*17
1736,time-9,AKGGYQHTLD_V3-74*03,J6*02,CG3*17
1737,time-9,ATESIPTLTYYMD_V3-74*03,J6*03,CG3*17
1738,time-9,AKDGRGSWGAYAFD_V3-9*01,J3*02,CG3*17
1739,time-9,VKGTTGYNSGHFD_V3-9*01,J4*02,CG3*17
1740,time-9,ATDHGDLGRLD_V3-9*01,J4*02,CG3*17
1741,time-9,GTDKAGDLE_V3-9*01,J4*02,CG3*17
1742,time-9,WCPGKD_V3-9*01,J4*02,CG3*17
1743,time-9,TMDLLPGGAD_V3-9*01,J6*02,CG3*17
1744,time-9,AKDGTLDIVLVPAAMTGGYYYGLD_V3-9*01,J6*02,CG3*17
1745,time-9,AKDRGRFFYGVE_V3-9*01,J6*02,CG3*17
1746,time-9,AKDIRYVSTVYYGMD_V3-9*01,J6*02,CG3*17
1747,time-9,AKDIRYVSTVYYGMD_V3-9*01,J6*02,CG3*17
1748,time-9,GKDVKPGGLD_V3-9*01,J6*02,CG3*17
1749,time-9,GKDYLEWVFTGGMD_V3-9*01,J6*02,CG3*17
1750,time-9,VKDVTAGGAD_V3-9*01,J6*02,CG3*17
1751,time-9,VKDVTAGGAD_V3-9*02,J6*02,CG3*17
1752,time-9,AKSYSSIPSGETNDAFD_V3-9*03,J3*02,CG3*17
1753,time-9,ARGVPRRGMVTGWGYHFD_V3-9*03,J4*02,CG3*17
1754,time-9,AKDLRKAGTAASLYGMD_V3-NL1*01,J6*02,CG3*17
1755,time-9,ARESATFEIAVPSGGDFDYRGQGIEGYFD_V3/OR16-13*01,J1*01,CG3*17
1756,time-9,VREASGMNGMD_V3/OR16-9*01,J6*02,CG3*17
