#,tp,seq_v_non
0,time-11,ARGYCNGGSCYQND_V3,J1*01,CG3*17
1,time-11,AKEGRVQRWHFD_V3,J2*01,CG3*17
2,time-11,ARDSGTCPNFNCHHFD_V3,J4*02,CG3*17
3,time-11,TTYRGASNFD_V3,J4*02,CG3*17
4,time-11,TRDPHALD_V3,J4*02,CG3*17
5,time-11,ARAYSASWYAG_V3,J4*02,CG3*17
6,time-11,ARDRAFSRYD_V3,J5*01,CG3*17
7,time-11,ARDRAFSRYD_V3,J5*01,CG3*17
8,time-11,AKDLQQTAASWHSYYGMD_V3,J6*02,CG3*17
9,time-11,VRDRGGWQLGVYHHYNGMD_V3,J6*02,CG3*17
10,time-11,VKDGPRHYYHYYYMD_V3,J6*03,CG3*17
11,time-11,ATHERYSTTASLG_V3-11*01,J4*02,CG3*17
12,time-11,VTHPLRAPASMQPND_V3-11*01,J5*02,CG3*17
13,time-11,ARDLFYGRWQRLLRVTGD_V3-11*05,J4*02,CG3*17
14,time-11,ARDGGGKRFHLLRTPYGMD_V3-11*05,J6*02,CG3*17
15,time-11,ARSKSGQGFHFD_V3-13*01,J4*02,CG3*17
16,time-11,MTVGSPP_V3-15*01,J1*01,CG3*17
17,time-11,TAGTGRTDND_V3-15*01,J4*02,CG3*17
18,time-11,TAIVGGNDEWD_V3-15*01,J4*02,CG3*17
19,time-11,TWSGVNYLA_V3-15*01,J4*02,CG3*17
20,time-11,TTAVVASIYVP_V3-15*07,J1*01,CG3*17
21,time-11,HTGFNGHNDAFD_V3-15*07,J3*01,CG3*17
22,time-11,NHGGYGDRAFD_V3-15*07,J3*02,CG3*17
23,time-11,ASLVGGTGSFD_V3-21*01,J1*01,CG3*17
24,time-11,AVWVRNDYFE_V3-21*01,J1*01,CG3*17
25,time-11,VSYDFWSGGRNEAFH_V3-21*01,J3*02,CG3*17
26,time-11,ARSNWDLPIPNWFD_V3-21*01,J5*02,CG3*17
27,time-11,ATAGSYGYNYYHYMD_V3-21*01,J6*03,CG3*17
28,time-11,ARDHSGSLILDYMD_V3-21*01,J6*03,CG3*17
29,time-11,ARDFCSGGDCYQYFD_V3-21*02,J4*02,CG3*17
30,time-11,ARVFHPRLGAMD_V3-21*02,J6*02,CG3*17
31,time-11,AKGRNHFFEYFQ_V3-23*01,J1*01,CG3*17
32,time-11,AREMNIGRPRNFFQ_V3-23*01,J1*01,CG3*17
33,time-11,SKDPNGDYIGAFD_V3-23*01,J1*01,CG3*17
34,time-11,AKGSSGSYRRLLYYFD_V3-23*01,J4*02,CG3*17
35,time-11,AKEKVPTTIVDSQD_V3-23*01,J4*02,CG3*17
36,time-11,AKDHRDGWWISYSWLMG_V3-23*01,J4*02,CG3*17
37,time-11,VKFRGAGDRGYYHMD_V3-23*01,J6*03,CG3*17
38,time-11,AKKPNWKNLYYFD_V3-23*04,J,CG3*17
39,time-11,AKWGAQSGSGRYTD_V3-23*04,J1*01,CG3*17
40,time-11,AKKPNWKNLYYFD_V3-23*04,J4*02,CG3*17
41,time-11,AKNLMTGSACYD_V3-23*04,J4*02,CG3*17
42,time-11,AKSLREHSYEILD_V3-23*04,J4*02,CG3*17
43,time-11,VKKPNWKNLYYFD_V3-23*04,J4*02,CG3*17
44,time-11,AKDGEYSGSEFD_V3-23*04,J5*01,CG3*17
45,time-11,ARISSDGGYDTSGANSVFG_V3-23*04,J5*02,CG3*17
46,time-11,AKAYARIYFGMD_V3-23*04,J6*02,CG3*17
47,time-11,ATDPNWAGY_V3-23*05,J1*01,CG3*17
48,time-11,ASSPMDKSAFD_V3-23*05,J3*02,CG3*17
49,time-11,AKGSSGSYRRLLYYFD_V3-23*05,J4*02,CG3*17
50,time-11,AKEKVPTTIVDSQD_V3-23*05,J4*02,CG3*17
51,time-11,ANEIRPND_V3-23*05,J4*02,CG3*17
52,time-11,AKSGYNYSLKWFD_V3-23*05,J5*02,CG3*17
53,time-11,AKAYARIYFGMD_V3-23*05,J6*02,CG3*17
54,time-11,ASSRRLTTSPLVD_V3-30*09,J5*02,CG3*17
55,time-11,AKEGTPRSSNYFD_V3-30*18,J4*02,CG3*17
56,time-11,AKDWQWKELYYFLE_V3-30*18,J4*02,CG3*17
57,time-11,VKEEDSGWYRTAD_V3-30*18,J5*01,CG3*17
58,time-11,AKDTMTIAVVGNRFRYGMD_V3-30*18,J6*02,CG3*17
59,time-11,AKDRGNWNPYNYYGLD_V3-30*18,J6*02,CG3*17
60,time-11,AKDLQSNYDYYTGLD_V3-30*18,J6*02,CG3*17
61,time-11,AKDWQWKELYYFLE_V3-30,J4*02,CG3*17
62,time-11,MRGGWIQRWYEAD_V3-30-3*01,J4*02,CG3*17
63,time-11,ARGPQGSSGWLEWVGD_V3-30-3*01,J4*02,CG3*17
64,time-11,ARDPGSGINGGNYFG_V3-30-3*01,J4*02,CG3*17
65,time-11,ARDPLLSVITSAFFSPNYFD_V3-30-3*01,J5*02,CG3*17
66,time-11,AGGPQLGYYYGMD_V3-30-3*03,J6*02,CG3*17
67,time-11,ARAVGEGNSGGYFD_V3-33*01,J1*01,CG3*17
68,time-11,ARWAGTYPTYYFD_V3-33*01,J1*01,CG3*17
69,time-11,ARAVYTSALD_V3-33*01,J4*02,CG3*17
70,time-11,ARGYCNGGSCYQND_V3-33*02,J1*01,CG3*17
71,time-11,SRDIGYFDTD_V3-33*02,J4*02,CG3*17
72,time-11,AKSLSYYSSSSSPD_V3-33*05,J4*02,CG3*17
73,time-11,VKGRDDYGD_V3-43*01,J,CG3*17
74,time-11,IRAGVAVVITACPG_V3-43*01,J4*02,CG3*17
75,time-11,ARDSSGS_V3-48*02,J1*01,CG3*17
76,time-11,AREDRVGGEGAFD_V3-48*02,J3*02,CG3*17
77,time-11,ATSLWDQLVD_V3-48*02,J4*02,CG3*17
78,time-11,ATSLWDQLPD_V3-48*02,J4*02,CG3*17
79,time-11,ARDQNWAFE_V3-48*02,J4*02,CG3*17
80,time-11,ARGWRENSFD_V3-48*02,J4*02,CG3*17
81,time-11,ARGRWFAEPYLD_V3-48*02,J4*02,CG3*17
82,time-11,ARDRAFSRYD_V3-48*02,J5*01,CG3*17
83,time-11,ARVWSSGWTLD_V3-48*02,J5*01,CG3*17
84,time-11,ARDIDYHDRRGDKWYDAFD_V3-48*03,J3*01,CG3*17
85,time-11,ARDSGTCPNFNCHHFD_V3-48*03,J4*02,CG3*17
86,time-11,ARDSGTCPNFNCHHFD_V3-48*03,J4*02,CG3*17
87,time-11,ARDSGRTGSWD_V3-48*03,J4*02,CG3*17
88,time-11,TRGYVGASRGHYGMD_V3-48*03,J6*02,CG3*17
89,time-11,TRDPSESCSGTDCYTRSVYGLD_V3-49*02,J6*02,CG3*17
90,time-11,TRDPSESCSGTDCYTRSVYGLD_V3-49*02,J6*02,CG3*17
91,time-11,TGGRGWLTD_V3-49*03,J4*02,CG3*17
92,time-11,ATSSCGDCFQVD_V3-49*03,J5*02,CG3*17
93,time-11,ARPRIGWDGYSLA_V3-53*01,J,CG3*17
94,time-11,ARGGDNWNYGEGFE_V3-53*01,J1*01,CG3*17
95,time-11,ARGRTLDYGDYFD_V3-53*01,J1*01,CG3*17
96,time-11,ATSTRGWGPDGFD_V3-53*01,J3*01,CG3*17
97,time-11,ARDELNYADNAFD_V3-53*01,J3*02,CG3*17
98,time-11,ARDAPYYYASGSNAFD_V3-53*01,J3*02,CG3*17
99,time-11,ATGFSTIRPD_V3-53*01,J4*02,CG3*17
100,time-11,VRDGPPGGPDFFIG_V3-53*01,J4*02,CG3*17
101,time-11,VRESTGVGPKGFFD_V3-53*01,J4*02,CG3*17
102,time-11,ARDVG_V3-53*01,J5*02,CG3*17
103,time-11,GRDVG_V3-53*01,J5*02,CG3*17
104,time-11,ARESGTGYYFD_V3-53*02,J4*02,CG3*17
105,time-11,ARDGSGGYYFD_V3-53*02,J4*02,CG3*17
106,time-11,TSCQPLYYCGMD_V3-53*02,J6*02,CG3*17
107,time-11,ATSTRGWGPDGFD_V3-53*03,J3*01,CG3*17
108,time-11,ATGFSTIRPD_V3-53*03,J4*02,CG3*17
109,time-11,ATGFSTIRPD_V3-53*03,J4*02,CG3*17
110,time-11,AREGEDRRTALD_V3-64*01,J3*02,CG3*17
111,time-11,TRQGMHNFE_V3-7*01,J,CG3*17
112,time-11,TRPWNDYVP_V3-7*01,J,CG3*17
113,time-11,ARDFIYVT_V3-7*01,J,CG3*17
114,time-11,TREKWIFD_V3-7*01,J1*01,CG3*17
115,time-11,AREFYWLFD_V3-7*01,J1*01,CG3*17
116,time-11,ARDLILS_V3-7*01,J1*01,CG3*17
117,time-11,ARDEDYYDSSGLYID_V3-7*01,J1*01,CG3*17
118,time-11,ARYCSGPRCPEYYFD_V3-7*01,J1*01,CG3*17
119,time-11,ARDDTKIDNSVYYDVLD_V3-7*01,J3*01,CG3*17
120,time-11,ARDLTPYSNNWYDALD_V3-7*01,J3*01,CG3*17
121,time-11,ASDAFSIGGTLDTFD_V3-7*01,J3*01,CG3*17
122,time-11,ASHMIQGGTFD_V3-7*01,J3*01,CG3*17
123,time-11,ASHMIQGGTFD_V3-7*01,J3*01,CG3*17
124,time-11,AKHSGRYYSDAFD_V3-7*01,J3*02,CG3*17
125,time-11,ARDLTPYSNNWYDALD_V3-7*01,J3*02,CG3*17
126,time-11,ARDPPGPGSYFD_V3-7*01,J4*02,CG3*17
127,time-11,ARDPSSDSSGWYYFD_V3-7*01,J4*02,CG3*17
128,time-11,ARGAYTGGWYPDYFD_V3-7*01,J4*02,CG3*17
129,time-11,AGGNGWLPE_V3-7*01,J4*02,CG3*17
130,time-11,VAGHGWLPD_V3-7*01,J4*02,CG3*17
131,time-11,ARNLGWQQFD_V3-7*01,J5*01,CG3*17
132,time-11,ARDRAFSRYD_V3-7*01,J5*01,CG3*17
133,time-11,ARDRAFSRYD_V3-7*01,J5*01,CG3*17
134,time-11,VVGRRGLD_V3-7*01,J5*01,CG3*17
135,time-11,TTDLNWNS_V3-7*01,J5*02,CG3*17
136,time-11,TTDLNWNC_V3-7*01,J5*02,CG3*17
137,time-11,ARHGFYSLD_V3-7*01,J5*02,CG3*17
138,time-11,AGGTGWLVS_V3-7*01,J5*02,CG3*17
139,time-11,TKNGDWTPYRHSLD_V3-7*01,J6*03,CG3*17
140,time-11,ARDYRYYMD_V3-7*01,J6*04,CG3*17
141,time-11,AGGDDSE_V3-7*01,J6*04,CG3*17
142,time-11,ARDADYFQNNMWYDGFD_V3-7*03,J3*01,CG3*17
143,time-11,VRVQAAGCYSCGMD_V3-72*01,J6*02,CG3*17
144,time-11,ARGLISTDQGFD_V3-73*02,J2*01,CG3*17
145,time-11,VRGGKGYFD_V3-74*01,J1*01,CG3*17
146,time-11,AREGEYNSPTT_V3-74*01,J1*01,CG3*17
147,time-11,ARDLGGSAG_V3-74*01,J1*01,CG3*17
148,time-11,ARGGEYNSPTT_V3-74*01,J1*01,CG3*17
149,time-11,ARGGEYNSPTT_V3-74*01,J1*01,CG3*17
150,time-11,ARGGEYNSPTT_V3-74*01,J1*01,CG3*17
151,time-11,ARGGEYNSPTT_V3-74*01,J1*01,CG3*17
152,time-11,ARGGEYNSPTT_V3-74*01,J1*01,CG3*17
153,time-11,ARGGEYNSPTT_V3-74*01,J1*01,CG3*17
154,time-11,ARGGEYNSPTT_V3-74*01,J1*01,CG3*17
155,time-11,ARGGEYNSPTT_V3-74*01,J1*01,CG3*17
156,time-11,ARGGEYNSPTT_V3-74*01,J1*01,CG3*17
157,time-11,ARGGEYNSPTA_V3-74*01,J1*01,CG3*17
158,time-11,ARGGEYNSPTA_V3-74*01,J1*01,CG3*17
159,time-11,ARGGEYNSPTS_V3-74*01,J1*01,CG3*17
160,time-11,ARGGEYNSPTS_V3-74*01,J1*01,CG3*17
161,time-11,VRGGEYNSPTT_V3-74*01,J1*01,CG3*17
162,time-11,ARHRPTSITVSGSIVDAFD_V3-74*01,J3*01,CG3*17
163,time-11,ARGGEYNSPTT_V3-74*01,J3*01,CG3*17
164,time-11,TRDLGGARG_V3-74*01,J4*02,CG3*17
165,time-11,AGDVSGKDD_V3-74*01,J4*02,CG3*17
166,time-11,TRDIGGRRA_V3-74*01,J4*02,CG3*17
167,time-11,TRDIGGRRA_V3-74*01,J4*02,CG3*17
168,time-11,TRDIGGRRA_V3-74*01,J4*02,CG3*17
169,time-11,TRDIGGRRA_V3-74*01,J4*02,CG3*17
170,time-11,TRDIGGKWA_V3-74*01,J4*02,CG3*17
171,time-11,ARDLSGPFD_V3-74*01,J4*02,CG3*17
172,time-11,ARGGEYNSPTT_V3-74*01,J4*02,CG3*17
173,time-11,ARGGEYNSPTT_V3-74*01,J4*02,CG3*17
174,time-11,AGDLSGRND_V3-74*01,J4*02,CG3*17
175,time-11,SRDLSGRDD_V3-74*01,J4*02,CG3*17
176,time-11,ARGGEYNSPTT_V3-74*01,J5*01,CG3*17
177,time-11,ARGGEYNSPTT_V3-74*01,J5*01,CG3*17
178,time-11,ARDLSGRHD_V3-74*01,J5*02,CG3*17
179,time-11,TRDPGRNWFD_V3-74*01,J5*02,CG3*17
180,time-11,ARPFINSLPDGFD_V3-74*01,J5*02,CG3*17
181,time-11,ARGTGRSIPRIEFQRFD_V3-74*01,J5*02,CG3*17
182,time-11,AREVANVNYMD_V3-74*01,J6*04,CG3*17
183,time-11,ARGGEYNSPTT_V3-74*02,J1*01,CG3*17
184,time-11,ARGGEYNSPTT_V3-74*02,J1*01,CG3*17
185,time-11,ARGGEYNSPTT_V3-74*02,J1*01,CG3*17
186,time-11,ARGGEYNSPTT_V3-74*02,J1*01,CG3*17
187,time-11,ARGGEYNSPTT_V3-74*02,J1*01,CG3*17
188,time-11,ARGGEYNSPTA_V3-74*02,J1*01,CG3*17
189,time-11,AGDLSGRND_V3-74*02,J4*02,CG3*17
190,time-11,VYDSTGYYHVPGD_V3-74*02,J4*02,CG3*17
191,time-11,SRDLSGRDD_V3-74*02,J4*02,CG3*17
192,time-11,TRDPGRNWFD_V3-74*02,J5*02,CG3*17
193,time-11,ARPFINSLPDGFD_V3-74*02,J5*02,CG3*17
194,time-11,ARDPGRNWFD_V3-74*02,J5*02,CG3*17
195,time-11,ARDPGRNWFD_V3-74*02,J5*02,CG3*17
196,time-11,AREGITAGDYYYYAMD_V3-74*02,J6*02,CG3*17
197,time-11,ARGGEYNSPTT_V3-74*03,J1*01,CG3*17
198,time-11,VTADGVTSAL_V3-74*03,J1*01,CG3*17
199,time-11,ARDVPHSNFD_V3-74*03,J2*01,CG3*17
200,time-11,TRPNWGSRLPGAFD_V3-74*03,J3*01,CG3*17
201,time-11,TSPMMGYSLGYS_V3-74*03,J3*01,CG3*17
202,time-11,AKLGAITAANPNGDALD_V3-74*03,J3*01,CG3*17
203,time-11,ARPNWGSTLPGAFD_V3-74*03,J3*01,CG3*17
204,time-11,ARPNWGSTLPGAFD_V3-74*03,J3*02,CG3*17
205,time-11,ARPNWGSTLPGAFD_V3-74*03,J3*02,CG3*17
206,time-11,ARPNWGSTLPGAFD_V3-74*03,J3*02,CG3*17
207,time-11,ARPNWGSTLPGAFD_V3-74*03,J3*02,CG3*17
208,time-11,ARPNWGSTLPGAFD_V3-74*03,J3*02,CG3*17
209,time-11,ARPNWGSTLPGAFD_V3-74*03,J3*02,CG3*17
210,time-11,ARPNWGSTLPGAFD_V3-74*03,J3*02,CG3*17
211,time-11,TRGNWGFD_V3-74*03,J4*02,CG3*17
212,time-11,ATFRSVYYGAGSPD_V3-74*03,J4*02,CG3*17
213,time-11,ARRDYFD_V3-74*03,J4*02,CG3*17
214,time-11,ARVVGGTRGSAD_V3-74*03,J4*02,CG3*17
215,time-11,ARPFINSLPDGFD_V3-74*03,J5*02,CG3*17
216,time-11,ARPFINSLPDGFD_V3-74*03,J5*02,CG3*17
217,time-11,ARPFINSLPDGFD_V3-74*03,J5*02,CG3*17
218,time-11,ARPFINSLPDGFD_V3-74*03,J5*02,CG3*17
219,time-11,VKVNAFGRYEGVNYNYYMD_V3-74*03,J6*03,CG3*17
220,time-11,IKDILPGGLD_V3-9*01,J1*01,CG3*17
221,time-11,ARDIRNHYDSSGYFG_V3-9*01,J1*01,CG3*17
222,time-11,VRHRQHGSEGSPFD_V3-9*01,J3*01,CG3*17
223,time-11,VRHRQHGSEGSPFD_V3-9*01,J3*01,CG3*17
224,time-11,LGLGLNDNGDYFEPYD_V3-9*01,J3*02,CG3*17
225,time-11,IKDVTAGGLD_V3-9*01,J6*02,CG3*17
226,time-11,AKDSLRSAYSISAWYDMD_V3-9*01,J6*02,CG3*17
227,time-11,AKSQQLDYYYYGFD_V3-9*02,J6*02,CG3*17
228,time-11,VKGTATVTTQADVFE_V3-9*03,J3*02,CG3*17
229,time-11,ARGGEYNSPTT_V3/OR16-13*01,J1*01,CG3*17
230,time-11,ARGGEYNSPTT_V3/OR16-13*01,J1*01,CG3*17
231,time-11,ARGGEYNSPTS_V3/OR16-13*01,J1*01,CG3*17
232,time-11,ARDHYSGSGNYWGGAPN_V3/OR16-13*01,J3*02,CG3*17
233,time-11,ARPNWGSTLPGAFD_V3/OR16-13*01,J3*02,CG3*17
234,time-7,AKWNGLNFVDAFD_V3,J3*01,CG3*17
235,time-7,AREGLRSRISSGDAFD_V3,J3*02,CG3*17
236,time-7,AKEGRFDSSSFD_V3,J4*02,CG3*17
237,time-7,ARDYDTFTGTKTDNFD_V3,J4*02,CG3*17
238,time-7,ARGPGWLVD_V3,J4*02,CG3*17
239,time-7,ARDKGNFDWELRGGYWFD_V3,J5*02,CG3*17
240,time-7,ARSRDGSGSYWGREYDYFYMD_V3,J6*03,CG3*17
241,time-7,ARSGDGSGSHWGRDYFYYYMD_V3,J6*03,CG3*17
242,time-7,ARSGDGSGSHRGRDYFYYYMD_V3,J6*03,CG3*17
243,time-7,ARSGDGSGSHWGRDYFYYYMD_V3,J6*03,CG3*17
244,time-7,ATHERYSTTASLH_V3-11*01,J4*02,CG3*17
245,time-7,ARDFGRKLNVPAAGVPG_V3-11*04,J1*01,CG3*17
246,time-7,AHSVN_V3-11*04,J3*02,CG3*17
247,time-7,AGGPVDGNIWEAGRPCDLEADLSHLD_V3-13*01,J2*01,CG3*17
248,time-7,ATGRDGWD_V3-13*01,J4*02,CG3*17
249,time-7,TTGSMVLG_V3-15*01,J1*01,CG3*17
250,time-7,TTGSMVLG_V3-15*01,J1*01,CG3*17
251,time-7,TTGSMVLG_V3-15*01,J1*01,CG3*17
252,time-7,TTGSMVLG_V3-15*01,J1*01,CG3*17
253,time-7,ATDWSHPGLRGMGP_V3-15*01,J1*01,CG3*17
254,time-7,TTDTGA_V3-15*01,J4*01,CG3*17
255,time-7,TTDLPLTRGLVPSA_V3-15*01,J4*02,CG3*17
256,time-7,TTDSGA_V3-15*01,J4*02,CG3*17
257,time-7,STDLGIYGLD_V3-15*01,J6*02,CG3*17
258,time-7,TTEDLR_V3-15*02,J1*01,CG3*17
259,time-7,TTYYYDSVRFG_V3-15*02,J4*02,CG3*17
260,time-7,ARDGFYDSSGYYYGAFD_V3-21*01,J1*01,CG3*17
261,time-7,VTTSRSIPFD_V3-21*01,J4*02,CG3*17
262,time-7,ARPLEDQLVDYYYMD_V3-21*01,J6*03,CG3*17
263,time-7,VRNMD_V3-21*01,J6*03,CG3*17
264,time-7,TRDFAVDARAYD_V3-21*02,J4*02,CG3*17
265,time-7,TKRYYYDSGALE_V3-23*01,J4*02,CG3*17
266,time-7,VKDSLRYSFD_V3-23*01,J4*02,CG3*17
267,time-7,ARHTDGWFRGFD_V3-23*01,J5*01,CG3*17
268,time-7,GKVRQPMDYYWHGVD_V3-23*01,J6*02,CG3*17
269,time-7,AREAVYEFWRGSNRAPYYYYMD_V3-23*01,J6*03,CG3*17
270,time-7,AKASGNSYGREYSD_V3-23*04,J1*01,CG3*17
271,time-7,AKNLMTGSACYD_V3-23*04,J4*02,CG3*17
272,time-7,AKVARWLKLGESD_V3-23*04,J4*02,CG3*17
273,time-7,VKDSLGYSFD_V3-23*04,J4*02,CG3*17
274,time-7,AKGGSISWFH_V3-23*04,J5*02,CG3*17
275,time-7,AKVISLTDYYWYGMD_V3-23*04,J6*02,CG3*17
276,time-7,ARDWWLPRNYYGMD_V3-23*04,J6*02,CG3*17
277,time-7,ARVEGGDHVKYYYYGMD_V3-23*04,J6*02,CG3*17
278,time-7,AKPIYYYDGSGQPDFD_V3-23*05,J4*02,CG3*17
279,time-7,AKDRDDYGDYDFD_V3-23*05,J4*02,CG3*17
280,time-7,AKEKAATAFIDSQD_V3-23*05,J4*02,CG3*17
281,time-7,ARVESSYDLVWGIYRAGYYHSYMD_V3-23*05,J6*04,CG3*17
282,time-7,ARQGKFKAFAVTIMMD_V3-30*03,J6*02,CG3*17
283,time-7,AKDRWDGGYYFD_V3-30*18,J,CG3*17
284,time-7,AKEFRGGLDATAGG_V3-30*18,J3*01,CG3*17
285,time-7,AKIISQTANGD_V3-30*18,J4*02,CG3*17
286,time-7,AKDRTSGGRQVD_V3-30*18,J4*02,CG3*17
287,time-7,AKADAPIMGAFD_V3-30*18,J4*02,CG3*17
288,time-7,AKGGGDYSFD_V3-30*18,J4*02,CG3*17
289,time-7,VKGPAHCSKTSCYGGFD_V3-30*18,J4*03,CG3*17
290,time-7,IKDVGFFDSY_V3-30*18,J5*01,CG3*17
291,time-7,MILPAKKLAPIDD_V3-30,J5*01,CG3*17
292,time-7,MILPAKKLAPVDD_V3-30,J5*01,CG3*17
293,time-7,ARLPTTTETTGDFD_V3-30-3*01,J4*02,CG3*17
294,time-7,ARDSSQYFFD_V3-30-3*01,J4*02,CG3*17
295,time-7,VGAIGYFD_V3-30-3*01,J4*02,CG3*17
296,time-7,ARGGMIPFGLD_V3-30-3*03,J6*02,CG3*17
297,time-7,ARGATSGTSYSSGFED_V3-33*01,J4*02,CG3*17
298,time-7,ARDGGFREFD_V3-33*01,J5*01,CG3*17
299,time-7,ARLAYRNLLGGLD_V3-33*01,J6*02,CG3*17
300,time-7,ARLAYSNLLGGLD_V3-33*01,J6*02,CG3*17
301,time-7,ARVGSGSYSLD_V3-33*02,J4*02,CG3*17
302,time-7,ARLTSGWFSVD_V3-33*02,J4*02,CG3*17
303,time-7,ARDISFFALD_V3-33*02,J6*02,CG3*17
304,time-7,AKAECADNCYLTD_V3-43*01,J4*02,CG3*17
305,time-7,TRGRMYDSIGYYD_V3-48*02,J1*01,CG3*17
306,time-7,VRLNDWYFD_V3-48*02,J2*01,CG3*17
307,time-7,ATDLHWAFD_V3-48*02,J4*02,CG3*17
308,time-7,ATYNQRPPVD_V3-48*02,J4*02,CG3*17
309,time-7,ARDPHALD_V3-48*02,J4*02,CG3*17
310,time-7,ARQVLGDFD_V3-48*02,J4*02,CG3*17
311,time-7,ARERDFCGLSSCSGGILD_V3-48*03,J1*01,CG3*17
312,time-7,ARRRGVATGEKYFD_V3-48*03,J2*01,CG3*17
313,time-7,ARNSGIWS_V3-48*03,J3*01,CG3*17
314,time-7,ARGNPSP_V3-48*03,J4*02,CG3*17
315,time-7,ARDRGDFYDSPDRLD_V3-48*03,J5*02,CG3*17
316,time-7,TRDPHGDDFRG_V3-49*02,J1*01,CG3*17
317,time-7,ARGGDRNWFD_V3-49*02,J5*02,CG3*17
318,time-7,ALGGAAL_V3-49*03,J1*01,CG3*17
319,time-7,TRHISLLMGG_V3-49*04,J1*01,CG3*17
320,time-7,TRDPHGDDFRG_V3-49*04,J1*01,CG3*17
321,time-7,AREEGATRTDLAEYYGMD_V3-49*04,J6*02,CG3*17
322,time-7,TREANWGPW_V3-53*01,J1*01,CG3*17
323,time-7,ARGARGYSC_V3-53*01,J1*01,CG3*17
324,time-7,ASSLCSGGSCYAGHFH_V3-53*01,J1*01,CG3*17
325,time-7,ARDLIARAGPVRYFD_V3-53*01,J2*01,CG3*17
326,time-7,TRGTAG_V3-53*01,J3*01,CG3*17
327,time-7,ARGYCPDGICNNNPE_V3-53*01,J4*02,CG3*17
328,time-7,ARGYCPDGICNNNPE_V3-53*01,J4*02,CG3*17
329,time-7,AREDRRVGTSPYFD_V3-53*01,J4*02,CG3*17
330,time-7,ARGHCSNGVCDNNPD_V3-53*01,J4*02,CG3*17
331,time-7,GRDVG_V3-53*01,J5*02,CG3*17
332,time-7,ARSRDGSGRNWGRDYDYFYMD_V3-53*01,J6*03,CG3*17
333,time-7,ARSRDGSGSYRGRDYDFFYMD_V3-53*01,J6*03,CG3*17
334,time-7,ARSRDGSGSYWGREYDYFYMD_V3-53*01,J6*03,CG3*17
335,time-7,ARSRDGSGSYWGRDYYYFYMD_V3-53*01,J6*03,CG3*17
336,time-7,ARSGDGSGSHWGRDYFYYYMD_V3-53*01,J6*03,CG3*17
337,time-7,ARSGDGSGSHWGRDYFYYYMD_V3-53*01,J6*03,CG3*17
338,time-7,ARSGDGSGSHRGRDYFYYYMD_V3-53*01,J6*03,CG3*17
339,time-7,ARSGDGSGSHRGRDYFYYYMD_V3-53*01,J6*03,CG3*17
340,time-7,ARSGDGSGSHWGRDYFYYYMD_V3-53*01,J6*03,CG3*17
341,time-7,ARSGDGSGSHWGRDYFYFYMD_V3-53*01,J6*03,CG3*17
342,time-7,ARSGDGSGSQWGRDYFYYYMD_V3-53*01,J6*03,CG3*17
343,time-7,ARSGDGSGSQWGRSYFYFYMD_V3-53*01,J6*03,CG3*17
344,time-7,ARSGDGSGSQWGRSYFYFYMD_V3-53*01,J6*04,CG3*17
345,time-7,ARSGDGSGSHWGRDYFYYYMD_V3-53*02,J6*03,CG3*17
346,time-7,VGPYNAYDWAMF_V3-53*03,J1*01,CG3*17
347,time-7,ARGYCPDGICNNNPE_V3-66*03,J1*01,CG3*17
348,time-7,ARQSFRGQSGYERSD_V3-7*01,J1*01,CG3*17
349,time-7,ARDPWELL_V3-7*01,J1*01,CG3*17
350,time-7,ASNSR_V3-7*01,J1*01,CG3*17
351,time-7,VSGYSYGY_V3-7*01,J1*01,CG3*17
352,time-7,ARGIFGDSVAFD_V3-7*01,J3*01,CG3*17
353,time-7,ACWASTN_V3-7*01,J4*01,CG3*17
354,time-7,ARENWAID_V3-7*01,J4*02,CG3*17
355,time-7,ARENWAID_V3-7*01,J4*02,CG3*17
356,time-7,ARDEDGAFD_V3-7*01,J4*02,CG3*17
357,time-7,ARDFFKVD_V3-7*01,J4*02,CG3*17
358,time-7,ARFYFGLSFD_V3-7*01,J4*02,CG3*17
359,time-7,VRDRGKGSGGYSSPFD_V3-7*01,J4*02,CG3*17
360,time-7,VGGSGWLPD_V3-7*01,J4*02,CG3*17
361,time-7,ARDRGESTANERRRWLQLWFRGWFD_V3-7*01,J5*01,CG3*17
362,time-7,AGGSGWLSD_V3-7*01,J5*01,CG3*17
363,time-7,ARDRGIGGRSWIFD_V3-7*01,J5*02,CG3*17
364,time-7,ARAIGRESDSPYNWFD_V3-7*01,J5*02,CG3*17
365,time-7,SRPTGPAGSGWTPGG_V3-7*01,J5*02,CG3*17
366,time-7,ARGRGLD_V3-7*01,J6*02,CG3*17
367,time-7,ARGRGLD_V3-7*01,J6*02,CG3*17
368,time-7,TVSIAGALNQ_V3-72*01,J1*01,CG3*17
369,time-7,ARGDYDFWSGYYYWYFD_V3-72*01,J2*01,CG3*17
370,time-7,TRDGGDSKWSKFD_V3-72*01,J5*01,CG3*17
371,time-7,VRAKYSGMHYDYYYYYMD_V3-72*01,J6*03,CG3*17
372,time-7,TRGPSDYGDYGWFD_V3-73*01,J5*02,CG3*17
373,time-7,ARAGGLITGTTYAMD_V3-73*01,J6*02,CG3*17
374,time-7,AREDFGGKD_V3-74*01,J1*01,CG3*17
375,time-7,ARMRKVGSTWSGFE_V3-74*01,J1*01,CG3*17
376,time-7,VGGGYLP_V3-74*01,J1*01,CG3*17
377,time-7,TRDIGGRRA_V3-74*01,J4*02,CG3*17
378,time-7,TRDIGGSRG_V3-74*01,J4*02,CG3*17
379,time-7,TRDIGGSRG_V3-74*01,J4*02,CG3*17
380,time-7,IFSNSSFD_V3-74*01,J4*02,CG3*17
381,time-7,ARAYPYESFD_V3-74*01,J4*02,CG3*17
382,time-7,ARMRKVGTTWSGFE_V3-74*01,J4*02,CG3*17
383,time-7,AGEHPWDRSAID_V3-74*01,J4*02,CG3*17
384,time-7,ARDQTMRGPTTTD_V3-74*01,J4*02,CG3*17
385,time-7,ARSRWYSFD_V3-74*01,J4*02,CG3*17
386,time-7,VRDRNGYN_V3-74*01,J4*02,CG3*17
387,time-7,SRDLSGRDD_V3-74*01,J4*02,CG3*17
388,time-7,ASHHESSLSWGPMD_V3-74*01,J6*03,CG3*17
389,time-7,VRGHIKGFYLD_V3-74*01,J6*03,CG3*17
390,time-7,LRGCSNGVCFGA_V3-74*02,J1*01,CG3*17
391,time-7,ARDSRGGTLD_V3-74*02,J4*02,CG3*17
392,time-7,VGGCTNGVCYGQNG_V3-74*02,J4*02,CG3*17
393,time-7,SRDLSGRDD_V3-74*02,J4*02,CG3*17
394,time-7,TRENWQYVRAFD_V3-74*03,J1*01,CG3*17
395,time-7,TRENWEYVRAFD_V3-74*03,J1*01,CG3*17
396,time-7,TRENWQYVRAFD_V3-74*03,J1*01,CG3*17
397,time-7,TRGNAGGQFD_V3-74*03,J1*01,CG3*17
398,time-7,ARGLNEGVAYGD_V3-74*03,J1*01,CG3*17
399,time-7,ARGLNEGVAYGD_V3-74*03,J1*01,CG3*17
400,time-7,ARGLNEGVAYGD_V3-74*03,J1*01,CG3*17
401,time-7,ASFIMGVP_V3-74*03,J1*01,CG3*17
402,time-7,VRDVPHSNFD_V3-74*03,J2*01,CG3*17
403,time-7,IISNSTFD_V3-74*03,J4*02,CG3*17
404,time-7,ARGGEYVWDVID_V3-74*03,J4*02,CG3*17
405,time-7,ARSFPYEGFD_V3-74*03,J4*02,CG3*17
406,time-7,ARGLNQGVGYGD_V3-74*03,J4*02,CG3*17
407,time-7,ARGLNEGVAFGD_V3-74*03,J4*02,CG3*17
408,time-7,ARDPPMGLVD_V3-74*03,J4*02,CG3*17
409,time-7,ARSRWYSFD_V3-74*03,J4*02,CG3*17
410,time-7,AREMWATLD_V3-74*03,J5*02,CG3*17
411,time-7,ARGQFYGPILGYNNYMD_V3-74*03,J6*03,CG3*17
412,time-7,RKHRFYHFFLLNEDDFD_V3-9*01,J3*01,CG3*17
413,time-7,AKARMLEYDALD_V3-9*01,J3*02,CG3*17
414,time-7,AKGGYQLLSKKD_V3-9*01,J4*02,CG3*17
415,time-7,GTDKAGDLE_V3-9*01,J4*02,CG3*17
416,time-7,VKDITAGGAD_V3-9*02,J6*02,CG3*17
417,time-7,AKDSGLSLELAVID_V3-9*03,J4*02,CG3*17
418,time-7,ARAYPYESFD_V3/OR16-13*01,J4*02,CG3*17
419,time-7,ARALSGTYYYFD_V3/OR16-13*01,J4*02,CG3*17
420,time-7,VRDLTLETTGPHYD_V3/OR16-13*01,J4*02,CG3*17
421,time-9,TRGAIGRSGYPLFR_V3,J1*01,CG3*17
422,time-9,AKDLGPSSFYDTRGFDFG_V3,J1*01,CG3*17
423,time-9,ARDFYYYFD_V3,J2*01,CG3*17
424,time-9,ASQAPRVGAPR_V3,J3*01,CG3*17
425,time-9,AKEFRGGLDATAGG_V3,J3*01,CG3*17
426,time-9,AKWNGLNFVDAFD_V3,J3*01,CG3*17
427,time-9,AGHTELD_V3,J3*02,CG3*17
428,time-9,ATGKGYLID_V3,J4*02,CG3*17
429,time-9,ATYNRRPQVD_V3,J4*02,CG3*17
430,time-9,ATYNRRPQVD_V3,J4*02,CG3*17
431,time-9,ARGGSTTSWYWV_V3,J4*02,CG3*17
432,time-9,ARLWGFAPH_V3,J5*01,CG3*17
433,time-9,ASAGPGYCSGSVCSRGFD_V3,J5*01,CG3*17
434,time-9,SRDCCDRDENMYD_V3,J5*01,CG3*17
435,time-9,ARDPNSASGAYWAYNRFD_V3,J5*02,CG3*17
436,time-9,ARGTHYCSSTSCYVNWLD_V3,J5*02,CG3*17
437,time-9,ARDYYYYID_V3,J6*03,CG3*17
438,time-9,AREYYDDSGSVSYYNYYMD_V3,J6*03,CG3*17
439,time-9,ARRRGGPGALVLPTGRFVFWDLRARGIGIADWKICVFE_V3-11*01,J3*02,CG3*17
440,time-9,ARAIRGWHFGSAWFD_V3-11*01,J5*02,CG3*17
441,time-9,ASPATYCGGECHNWFA_V3-11*01,J5*02,CG3*17
442,time-9,ARDFGRRLNVPAAGLSG_V3-11*04,J,CG3*17
443,time-9,AREFFYKFD_V3-11*04,J1*01,CG3*17
444,time-9,ARAVAGALD_V3-11*04,J4*02,CG3*17
445,time-9,ARWVGGFD_V3-11*04,J4*02,CG3*17
446,time-9,ARPRIGTFD_V3-11*04,J5*01,CG3*17
447,time-9,ARDRVWFGELN_V3-11*04,J5*01,CG3*17
448,time-9,ASPYDISWLGFQ_V3-11*05,J1*01,CG3*17
449,time-9,AWPVRMPN_V3-11*05,J4*01,CG3*17
450,time-9,TRDPRLLD_V3-11*06,J4*02,CG3*17
451,time-9,ARENFYKFD_V3-11,J1*01,CG3*17
452,time-9,ATGRDGWD_V3-13*01,J4*02,CG3*17
453,time-9,VTGRDGWD_V3-13*01,J5*02,CG3*17
454,time-9,ARGTSVAGADFSFYSGMD_V3-13*01,J6*02,CG3*17
455,time-9,IAVGSPP_V3-15*01,J1*01,CG3*17
456,time-9,NTDRFASPVD_V3-15*01,J3*02,CG3*17
457,time-9,TTERTEFFEDAFD_V3-15*01,J3*02,CG3*17
458,time-9,TAIVGGNDEWD_V3-15*01,J4*02,CG3*17
459,time-9,TAIVGVNDEWD_V3-15*01,J4*02,CG3*17
460,time-9,TSIVGSYDQWD_V3-15*01,J4*02,CG3*17
461,time-9,ITDPGYWPD_V3-15*01,J4*02,CG3*17
462,time-9,TAIVGGDDEWD_V3-15*01,J5*01,CG3*17
463,time-9,TAIVGGDDEWD_V3-15*01,J5*01,CG3*17
464,time-9,TTDNWVYAMD_V3-15*01,J6*02,CG3*17
465,time-9,STDLGLYGLD_V3-15*01,J6*02,CG3*17
466,time-9,STDIGYYGLD_V3-15*01,J6*02,CG3*17
467,time-9,ATDTNRRHVD_V3-15*01,J6*02,CG3*17
468,time-9,TTDSGA_V3-15*05,J4*01,CG3*17
469,time-9,MTVGSPP_V3-15*06,J1*01,CG3*17
470,time-9,IAEVDCSGGRCYSG_V3-15*07,J1*01,CG3*17
471,time-9,ITDPGYWPD_V3-15*07,J4*02,CG3*17
472,time-9,VADNEDDGIP_V3-15*07,J4*02,CG3*17
473,time-9,ARDLPGWTRGGWYFD_V3-21*01,J2*01,CG3*17
474,time-9,AIGGYTSSWYWR_V3-21*01,J2*01,CG3*17
475,time-9,ATWGQGGAFD_V3-21*01,J3*02,CG3*17
476,time-9,SRGSGDYLRNDAFE_V3-21*01,J3*02,CG3*17
477,time-9,SRGSGDYLRTDAFE_V3-21*01,J3*02,CG3*17
478,time-9,ARDSTVTNGEFD_V3-21*01,J4*02,CG3*17
479,time-9,ARAQSSGWYDFPD_V3-21*01,J4*02,CG3*17
480,time-9,ARGGGAPD_V3-21*01,J4*02,CG3*17
481,time-9,ARGSASDFWSGYPTFGNE_V3-21*01,J4*02,CG3*17
482,time-9,ARYDYVWGRTPPD_V3-21*01,J4*02,CG3*17
483,time-9,ARWLQLDGSFD_V3-21*01,J4*02,CG3*17
484,time-9,ARLVGAAYYFD_V3-21*01,J4*02,CG3*17
485,time-9,ARFHFGLPFD_V3-21*01,J4*02,CG3*17
486,time-9,ASYNDYGHPA_V3-21*01,J4*02,CG3*17
487,time-9,VRHTQRPTYYFD_V3-21*01,J4*02,CG3*17
488,time-9,ARDPPGLGMD_V3-21*01,J6*02,CG3*17
489,time-9,ARARIHFADRSGRYGLD_V3-21*01,J6*02,CG3*17
490,time-9,ARGSDYYDDPYHFDMH_V3-21*01,J6*02,CG3*17
491,time-9,ARDNDGDLADYYYYYYYMD_V3-21*01,J6*03,CG3*17
492,time-9,ARDPYPRGRLE_V3-21*02,J1*01,CG3*17
493,time-9,ASIPVAGSWYFD_V3-21*02,J2*01,CG3*17
494,time-9,VRDGWLKFRGLPDAFD_V3-21*02,J3*01,CG3*17
495,time-9,AREELTQGHCTTTSCLNYFD_V3-21*02,J4*02,CG3*17
496,time-9,AKDIWAWTFD_V3-23*01,J,CG3*17
497,time-9,VKDSLGYSFD_V3-23*01,J,CG3*17
498,time-9,AKDKYWELVRSGYFD_V3-23*01,J1*01,CG3*17
499,time-9,AKDLH_V3-23*01,J1*01,CG3*17
500,time-9,TRWSGFGD_V3-23*01,J2*01,CG3*17
501,time-9,AKVYSASGIDFSWD_V3-23*01,J2*01,CG3*17
502,time-9,ARDYNYMTGYHSDLG_V3-23*01,J2*01,CG3*17
503,time-9,AKDGGPGRGAFD_V3-23*01,J3*02,CG3*17
504,time-9,AKGRRDWVHDAFD_V3-23*01,J3*02,CG3*17
505,time-9,AKDRDDYGDFDFD_V3-23*01,J4*02,CG3*17
506,time-9,AKDDYCGLGGCSFD_V3-23*01,J4*02,CG3*17
507,time-9,AKDWEYYYDSSGAFPD_V3-23*01,J4*02,CG3*17
508,time-9,AKDWEYYYDSSGAFPD_V3-23*01,J4*02,CG3*17
509,time-9,AKDNPLDDGIWLGLID_V3-23*01,J4*02,CG3*17
510,time-9,AKDVLGWTFD_V3-23*01,J4*02,CG3*17
511,time-9,AKGHEESLLYEAVSVDYFD_V3-23*01,J4*02,CG3*17
512,time-9,AKVSTVATIHYFD_V3-23*01,J4*02,CG3*17
513,time-9,AKDRTDFGDFDFD_V3-23*01,J4*02,CG3*17
514,time-9,AKDGAADVYYFD_V3-23*01,J4*02,CG3*17
515,time-9,AKEEVPND_V3-23*01,J4*02,CG3*17
516,time-9,ATEEVPND_V3-23*01,J4*02,CG3*17
517,time-9,VKDSLGYSFD_V3-23*01,J4*02,CG3*17
518,time-9,VKDSLGYSFD_V3-23*01,J4*02,CG3*17
519,time-9,AKVGRENSIDMWFD_V3-23*01,J5*01,CG3*17
520,time-9,TKDGIVVAATYFYYMD_V3-23*01,J6*03,CG3*17
521,time-9,AKDGHNVIYYYYMD_V3-23*01,J6*03,CG3*17
522,time-9,AKEEVPND_V3-23*02,J4*02,CG3*17
523,time-9,AKEIRGPTIVRYFD_V3-23*04,J1*01,CG3*17
524,time-9,HFAPYYDFWTGDDTSD_V3-23*04,J3*01,CG3*17
525,time-9,AKFRTEWDLLGENGFD_V3-23*04,J3*01,CG3*17
526,time-9,VKDRGSIFGD_V3-23*04,J3*01,CG3*17
527,time-9,AKLGTTVKPKDMLLD_V3-23*04,J3*02,CG3*17
528,time-9,AKASGNSYGREYSD_V3-23*04,J4*01,CG3*17
529,time-9,AKSRSGWYCPACYFD_V3-23*04,J4*02,CG3*17
530,time-9,AKPPPAGFFFD_V3-23*04,J4*02,CG3*17
531,time-9,AKENAYNRAFD_V3-23*04,J4*02,CG3*17
532,time-9,AKCRWELLDQNFFA_V3-23*04,J4*02,CG3*17
533,time-9,AKCRWELLDQNFFA_V3-23*04,J4*02,CG3*17
534,time-9,ARVRNVDYYDRSGLFRPSRYYFD_V3-23*04,J4*02,CG3*17
535,time-9,VKAQSGNLPQFD_V3-23*04,J4*02,CG3*17
536,time-9,AKDVDDYGDYVSD_V3-23*04,J5*01,CG3*17
537,time-9,AKDWGIGVAGTPID_V3-23*04,J5*01,CG3*17
538,time-9,AKPNGRGNWFD_V3-23*04,J5*02,CG3*17
539,time-9,ARDFRVEVVADDWLD_V3-23*04,J5*02,CG3*17
540,time-9,VKDRGAIFGD_V3-23*04,J6*01,CG3*17
541,time-9,AKMKGPGRHQDYGMD_V3-23*04,J6*02,CG3*17
542,time-9,AKWGDSWSGYPFYYHGMD_V3-23*04,J6*02,CG3*17
543,time-9,ARRNHLFDYGMD_V3-23*04,J6*02,CG3*17
544,time-9,VKDRGTIFGD_V3-23*04,J6*02,CG3*17
545,time-9,AKDSSSWIYYYMD_V3-23*04,J6*03,CG3*17
546,time-9,TTVRGIGSCP_V3-23*05,J1*01,CG3*17
547,time-9,AKEIRGPTIVRYFD_V3-23*05,J1*01,CG3*17
548,time-9,AKDLHMITFGGVPS_V3-23*05,J1*01,CG3*17
549,time-9,AKGQPSSPDYYDSSAYYPE_V3-23*05,J1*01,CG3*17
550,time-9,AKGGCGDGNCWALVF_V3-23*05,J1*01,CG3*17
551,time-9,AKFGQDWDQWELLG_V3-23*05,J1*01,CG3*17
552,time-9,ATDPNWAGY_V3-23*05,J1*01,CG3*17
553,time-9,ATDPNWAGY_V3-23*05,J1*01,CG3*17
554,time-9,AAIVIPATNI_V3-23*05,J1*01,CG3*17
555,time-9,ASQAPRVGAPR_V3-23*05,J3*01,CG3*17
556,time-9,ASQAPRVGAPR_V3-23*05,J3*01,CG3*17
557,time-9,AKDPRSADAFD_V3-23*05,J3*02,CG3*17
558,time-9,AKDWEYYYDSSGAFPD_V3-23*05,J4*02,CG3*17
559,time-9,AKDIYHWEFD_V3-23*05,J4*02,CG3*17
560,time-9,AKDREGRRTEEFD_V3-23*05,J4*02,CG3*17
561,time-9,AKGPQYQLVWYFD_V3-23*05,J4*02,CG3*17
562,time-9,VKDKGAIFGD_V3-23*05,J4*02,CG3*17
563,time-9,VKGLRAMH_V3-23*05,J4*02,CG3*17
564,time-9,AKDWGGYGSVFD_V3-23*05,J5*01,CG3*17
565,time-9,ATDPNWGGY_V3-23*05,J5*01,CG3*17
566,time-9,ATDPNWGGY_V3-23*05,J5*01,CG3*17
567,time-9,ARDRIGNSGWID_V3-23*05,J5*01,CG3*17
568,time-9,AKEIQGFIYQTGLGVFD_V3-23*05,J5*02,CG3*17
569,time-9,AKVGHNLDHWALLG_V3-23*05,J5*02,CG3*17
570,time-9,AKVGHNLDHWALLG_V3-23*05,J5*02,CG3*17
571,time-9,ATDPNWGGY_V3-23*05,J5*02,CG3*17
572,time-9,AKDPQVAYYYYYYYMD_V3-23*05,J6*03,CG3*17
573,time-9,AREPWGSHRYGDTTD_V3-30*03,J3*01,CG3*17
574,time-9,ANGAFGGRPDFD_V3-30*03,J4*02,CG3*17
575,time-9,ANGAFGGRPDFD_V3-30*03,J4*02,CG3*17
576,time-9,AKDDASGRYSYYNGVD_V3-30*03,J6*02,CG3*17
577,time-9,AKGYGLVLMYYFD_V3-30*18,J,CG3*17
578,time-9,TKEGRVENWHFD_V3-30*18,J2*01,CG3*17
579,time-9,ATLMGHDYGAIRAFD_V3-30*18,J3*01,CG3*17
580,time-9,AKEFRGGLDATAGG_V3-30*18,J3*01,CG3*17
581,time-9,AKEFRGGLDATAGG_V3-30*18,J3*01,CG3*17
582,time-9,AKEFRGGLDATAGG_V3-30*18,J3*01,CG3*17
583,time-9,AKSPCSDGTCDLYYFD_V3-30*18,J4*02,CG3*17
584,time-9,AKSDGGYYAFD_V3-30*18,J4*02,CG3*17
585,time-9,AKDEGDRSLEYYFD_V3-30*18,J4*02,CG3*17
586,time-9,AKGGGGGGGNTELG_V3-30*18,J4*02,CG3*17
587,time-9,AKGPSHCTSTSCYGGFD_V3-30*18,J4*02,CG3*17
588,time-9,AKGGGDYSFD_V3-30*18,J4*02,CG3*17
589,time-9,VKSTCSDGNCNLYYFD_V3-30*18,J4*02,CG3*17
590,time-9,AKDLYGSGWYNYFD_V3-30*18,J5*02,CG3*17
591,time-9,AKFNGGFD_V3-30*18,J5*02,CG3*17
592,time-9,AKDRSQYNWKDVSAMD_V3-30*18,J6*02,CG3*17
593,time-9,VKEMEAGGDDFYYGMD_V3-30*18,J6*02,CG3*17
594,time-9,AKGVVRWGHELNGDYYHYMD_V3-30*18,J6*03,CG3*17
595,time-9,GLSKVGATD_V3-30,J4*02,CG3*17
596,time-9,ATSPNGGSRLV_V3-30,J5*01,CG3*17
597,time-9,AKGRGYSTTGGMD_V3-30,J6*02,CG3*17
598,time-9,ARELGSDFELD_V3-30-3*01,J1*01,CG3*17
599,time-9,VRDFQNGGD_V3-30-3*01,J3*02,CG3*17
600,time-9,ARLPTTTETTGDFD_V3-30-3*01,J4*02,CG3*17
601,time-9,ARDPGSGINGGNYFG_V3-30-3*01,J4*02,CG3*17
602,time-9,ARVAAIAPYPD_V3-30-3*01,J4*02,CG3*17
603,time-9,ARELGADFELD_V3-30-3*01,J5*01,CG3*17
604,time-9,AREIYLPKWFFD_V3-30-3*01,J5*02,CG3*17
605,time-9,AKPLSSSVVATSGND_V3-30-3*02,J4*02,CG3*17
606,time-9,ARAVGEGNSGGYFD_V3-33*01,J1*01,CG3*17
607,time-9,ARERPLTSGASDVFD_V3-33*01,J3*02,CG3*17
608,time-9,ARDDGNGTPGPFG_V3-33*01,J3*02,CG3*17
609,time-9,ARDCSALGPNKDYFD_V3-33*01,J4*02,CG3*17
610,time-9,ARGRTAWSFFD_V3-33*01,J4*02,CG3*17
611,time-9,ARGYISSWGD_V3-33*01,J5*01,CG3*17
612,time-9,ARNSYYFESSGVLGWSD_V3-33*01,J5*02,CG3*17
613,time-9,ARMRRLGGNGPD_V3-33*01,J5*02,CG3*17
614,time-9,ARDFPIVGASSNYGLD_V3-33*01,J6*02,CG3*17
615,time-9,AREGSLTPGGSDVFD_V3-33*02,J3*02,CG3*17
616,time-9,ARLTSGWFSVD_V3-33*02,J4*02,CG3*17
617,time-9,ARLTSGWFSVD_V3-33*02,J4*02,CG3*17
618,time-9,TRSKRTVTGFYMD_V3-33*02,J6*03,CG3*17
619,time-9,ARSKRTVIGFYMD_V3-33*02,J6*03,CG3*17
620,time-9,ATEVLGGQGAFD_V3-33*03,J3*02,CG3*17
621,time-9,ARSKNTVNRFYMD_V3-33*04,J6*03,CG3*17
622,time-9,VRQAPQGLIYAGRYFD_V3-33*05,J4*02,CG3*17
623,time-9,AKDGVGITSTPTPSFA_V3-33*06,J4*02,CG3*17
624,time-9,AALRHSNYVGGLD_V3-33*06,J5*02,CG3*17
625,time-9,ARDRLNYYDSSGYYPPGYYYGLD_V3-38-3*01,J6*02,CG3*17
626,time-9,AKDFSGAM_V3-43*01,J4*02,CG3*17
627,time-9,AKAECADNCYLTD_V3-43*01,J4*02,CG3*17
628,time-9,ARAAPGQLIPLD_V3-43*01,J4*02,CG3*17
629,time-9,AKDFSGFQNSLFYFHYMD_V3-43*01,J6*03,CG3*17
630,time-9,ARDRSTGTTYFMD_V3-43*01,J6*03,CG3*17
631,time-9,AKDLGPSSFYDTRGFDFG_V3-43D*01,J1*01,CG3*17
632,time-9,ARVADGYMNYYFD_V3-48*02,J,CG3*17
633,time-9,TRGRMYDSIGYYD_V3-48*02,J1*01,CG3*17
634,time-9,ARGRTYDSIGYYD_V3-48*02,J1*01,CG3*17
635,time-9,ATYVSCSTSSCTAPENYYWYFD_V3-48*02,J2*01,CG3*17
636,time-9,AKATIYDALD_V3-48*02,J3*01,CG3*17
637,time-9,ARDLGIQGAID_V3-48*02,J4*02,CG3*17
638,time-9,AKDRDWAFD_V3-48*02,J4*02,CG3*17
639,time-9,ATYNRRPQVD_V3-48*02,J4*02,CG3*17
640,time-9,AREVFQGSGGFD_V3-48*02,J4*02,CG3*17
641,time-9,ARDRGGTYYID_V3-48*02,J4*02,CG3*17
642,time-9,ARDLGIQGAID_V3-48*02,J4*02,CG3*17
643,time-9,ARDLGIQGAID_V3-48*02,J4*02,CG3*17
644,time-9,ARDLGIQGAID_V3-48*02,J4*02,CG3*17
645,time-9,ARDLGIQGAID_V3-48*02,J4*02,CG3*17
646,time-9,ARDASHVEDTDWYYFD_V3-48*02,J4*02,CG3*17
647,time-9,ARDASPVEGTGWYYFD_V3-48*02,J4*02,CG3*17
648,time-9,ARGWLENTFD_V3-48*02,J4*02,CG3*17
649,time-9,ARGWLENTFD_V3-48*02,J4*02,CG3*17
650,time-9,VRDRDYAFD_V3-48*02,J4*02,CG3*17
651,time-9,VRDLNWGFD_V3-48*02,J4*02,CG3*17
652,time-9,VRDLNWGFD_V3-48*02,J4*02,CG3*17
653,time-9,VRALTQTRVTTG_V3-48*02,J4*02,CG3*17
654,time-9,CTSCFVDCSLY_V3-48*02,J4*02,CG3*17
655,time-9,CTSCFVDCSLY_V3-48*02,J4*03,CG3*17
656,time-9,ARQVGSKGSGFYFMD_V3-48*02,J6*03,CG3*17
657,time-9,AREGRGGFYYYYYMD_V3-48*02,J6*03,CG3*17
658,time-9,SRSNSRGGYYYFMD_V3-48*02,J6*04,CG3*17
659,time-9,ARGQSSLNTIFRSYFD_V3-48*03,J2*01,CG3*17
660,time-9,ARNSGIFS_V3-48*03,J3*01,CG3*17
661,time-9,ARNSGIYS_V3-48*03,J3*01,CG3*17
662,time-9,ATSRDGKAFD_V3-48*03,J3*02,CG3*17
663,time-9,ARETTVTPDGLD_V3-48*03,J3*02,CG3*17
664,time-9,TRDQGYGDYW_V3-48*03,J4*02,CG3*17
665,time-9,ATGWNDGCHFD_V3-48*03,J4*02,CG3*17
666,time-9,ARDDGGLE_V3-48*03,J4*02,CG3*17
667,time-9,ARGRLAAAGMID_V3-48*03,J4*02,CG3*17
668,time-9,AREVDDNGFD_V3-48*03,J4*02,CG3*17
669,time-9,ARDGGNRGNSAGFD_V3-48*03,J5*02,CG3*17
670,time-9,ARDSPNLNWFD_V3-48*03,J5*02,CG3*17
671,time-9,ARGRGS_V3-48*03,J5*02,CG3*17
672,time-9,ARVWRTEGEGYN_V3-48*04,J1*01,CG3*17
673,time-9,ARQVGSKGSGYYFMD_V3-48*04,J6*03,CG3*17
674,time-9,ARVYASTPYFMD_V3-48*04,J6*04,CG3*17
675,time-9,TRIGDGFNYAFD_V3-49*03,J4*02,CG3*17
676,time-9,TRIGDGFNYAFD_V3-49*03,J4*02,CG3*17
677,time-9,TGGRGWLTD_V3-49*03,J4*02,CG3*17
678,time-9,TRHISLLMGG_V3-49*04,J1*01,CG3*17
679,time-9,TRHIVLLMGG_V3-49*04,J1*01,CG3*17
680,time-9,TRDPHGDDFRG_V3-49*04,J1*01,CG3*17
681,time-9,TRDRPGTYYPITLD_V3-49*04,J4*02,CG3*17
682,time-9,TRDPHGDYFRG_V3-49*04,J4*02,CG3*17
683,time-9,ARGLSPRPFD_V3-49*04,J4*02,CG3*17
684,time-9,TRELWPNTFD_V3-49*04,J5*02,CG3*17
685,time-9,TREEGATGTDLAEYYGMD_V3-49*04,J6*02,CG3*17
686,time-9,ARGLEWELG_V3-53*01,J1*01,CG3*17
687,time-9,ASSLCSGGSCYAGHFH_V3-53*01,J1*01,CG3*17
688,time-9,ARDLIARAGPVRYFD_V3-53*01,J2*01,CG3*17
689,time-9,TRGTAG_V3-53*01,J3*01,CG3*17
690,time-9,AAPLGGFAEGTDAFD_V3-53*01,J3*01,CG3*17
691,time-9,ARDHGYYYSGINRDDAFD_V3-53*01,J3*02,CG3*17
692,time-9,VRESVNSSSRAFD_V3-53*01,J3*02,CG3*17
693,time-9,TRDSGV_V3-53*01,J4*02,CG3*17
694,time-9,ACGAGEGAKYYFD_V3-53*01,J4*02,CG3*17
695,time-9,ARDVLGDGYASFD_V3-53*01,J5*01,CG3*17
696,time-9,ARDRIEWSRGHWFD_V3-53*01,J5*02,CG3*17
697,time-9,ARVPGF_V3-53*01,J5*02,CG3*17
698,time-9,AGRVSGVY_V3-53*01,J5*02,CG3*17
699,time-9,GRDVG_V3-53*01,J5*02,CG3*17
700,time-9,GRDVG_V3-53*01,J5*02,CG3*17
701,time-9,AREPGGHLHYYYGMD_V3-53*01,J6*02,CG3*17
702,time-9,ATDEGYHYMD_V3-53*01,J6*03,CG3*17
703,time-9,AREGNGRDGFNYLD_V3-53*02,J4*02,CG3*17
704,time-9,AREGNGRDGFNYLD_V3-53*02,J4*02,CG3*17
705,time-9,ATGAGDGAKYYFD_V3-53*03,J4*02,CG3*17
706,time-9,ARGHCSNGICNNNPE_V3-53*03,J4*02,CG3*17
707,time-9,AREEISRQTALD_V3-64*01,J3*02,CG3*17
708,time-9,ARETGDYAFD_V3-64*01,J3*02,CG3*17
709,time-9,AREGIIRRTALD_V3-64,J3*02,CG3*17
710,time-9,AREPSFGELD_V3-64,J4*02,CG3*17
711,time-9,ARGGSNSAWYWL_V3-7*01,J,CG3*17
712,time-9,ATSAAGLP_V3-7*01,J1*01,CG3*17
713,time-9,AREFYWLFD_V3-7*01,J1*01,CG3*17
714,time-9,ARESFGYDYD_V3-7*01,J1*01,CG3*17
715,time-9,ASESTSREEG_V3-7*01,J1*01,CG3*17
716,time-9,VRGAGWLLE_V3-7*01,J1*01,CG3*17
717,time-9,ARGGYSTSWYWR_V3-7*01,J2*01,CG3*17
718,time-9,ARGGSNSAWYWV_V3-7*01,J2*01,CG3*17
719,time-9,ARGGSNSAWYWV_V3-7*01,J2*01,CG3*17
720,time-9,AIGGYTSSWYWR_V3-7*01,J2*01,CG3*17
721,time-9,AIGGYTSSWYWR_V3-7*01,J2*01,CG3*17
722,time-9,ATEGVPTTFDAFE_V3-7*01,J3*01,CG3*17
723,time-9,ARGILGDSVAFD_V3-7*01,J3*01,CG3*17
724,time-9,ARGIFGDSVAFD_V3-7*01,J3*01,CG3*17
725,time-9,ARGILGDSVAFD_V3-7*01,J3*01,CG3*17
726,time-9,TRDENYSERKIYYDAFH_V3-7*01,J3*02,CG3*17
727,time-9,AKLSWPTVRVFD_V3-7*01,J3*02,CG3*17
728,time-9,ARIPCYGSEICDAFD_V3-7*01,J3*02,CG3*17
729,time-9,ARENWYVFD_V3-7*01,J3*02,CG3*17
730,time-9,ARARVYQGWITDVFG_V3-7*01,J3*02,CG3*17
731,time-9,ARGILGDSVAFD_V3-7*01,J3*02,CG3*17
732,time-9,ARGIFGDSVAFD_V3-7*01,J3*02,CG3*17
733,time-9,ARGDERYDFWSGPNDAFD_V3-7*01,J3*02,CG3*17
734,time-9,VRDGRYCTNIDCKGDGYD_V3-7*01,J3*02,CG3*17
735,time-9,TRGHWGRR_V3-7*01,J4*02,CG3*17
736,time-9,AGWASTN_V3-7*01,J4*02,CG3*17
737,time-9,ARLYGYFD_V3-7*01,J4*02,CG3*17
738,time-9,ARDQGWEQFD_V3-7*01,J4*02,CG3*17
739,time-9,ARDPWELL_V3-7*01,J4*02,CG3*17
740,time-9,ARDPGSSTWYGYFD_V3-7*01,J4*02,CG3*17
741,time-9,ARDPPIIEMETIAVD_V3-7*01,J4*02,CG3*17
742,time-9,ARDPPIMEMDTIAVD_V3-7*01,J4*02,CG3*17
743,time-9,ARDEDGAFD_V3-7*01,J4*02,CG3*17
744,time-9,ARDEDGAFD_V3-7*01,J4*02,CG3*17
745,time-9,ARDEDGAFD_V3-7*01,J4*02,CG3*17
746,time-9,ARDEDGAFD_V3-7*01,J4*02,CG3*17
747,time-9,ARDEDGAFD_V3-7*01,J4*02,CG3*17
748,time-9,ARAVYSSGWHFD_V3-7*01,J4*02,CG3*17
749,time-9,ARGYSFGD_V3-7*01,J4*02,CG3*17
750,time-9,ARSNWAAND_V3-7*01,J4*02,CG3*17
751,time-9,ASETWGAYD_V3-7*01,J4*02,CG3*17
752,time-9,ARSTFSSSD_V3-7*01,J4*02,CG3*17
753,time-9,ARGTVVDQGGSYYRPLD_V3-7*01,J4*02,CG3*17
754,time-9,ARVGSHCSSTSCQSTFRPLD_V3-7*01,J4*02,CG3*17
755,time-9,ARFHFGLPFD_V3-7*01,J4*02,CG3*17
756,time-9,ARFHFGLPFD_V3-7*01,J4*02,CG3*17
757,time-9,ARFYFGLSFD_V3-7*01,J4*02,CG3*17
758,time-9,AGGGGFLSD_V3-7*01,J4*02,CG3*17
759,time-9,ASVDGWHVMRPNFD_V3-7*01,J4*02,CG3*17
760,time-9,VRDRGKGSGAYSSPFD_V3-7*01,J4*02,CG3*17
761,time-9,VRAGYKYGFVDFD_V3-7*01,J4*02,CG3*17
762,time-9,VRGAGWLLD_V3-7*01,J4*02,CG3*17
763,time-9,SRGNWNDGG_V3-7*01,J4*02,CG3*17
764,time-9,SRSNWAAND_V3-7*01,J4*02,CG3*17
765,time-9,ARGTQLPGID_V3-7*01,J5*01,CG3*17
766,time-9,AGGNGWLID_V3-7*01,J5*01,CG3*17
767,time-9,AGGSGWLSD_V3-7*01,J5*01,CG3*17
768,time-9,AGGSGWLSD_V3-7*01,J5*01,CG3*17
769,time-9,VRGGGMH_V3-7*01,J5*01,CG3*17
770,time-9,ATDAGRSGSD_V3-7*01,J5*02,CG3*17
771,time-9,ATDAGRSGSD_V3-7*01,J5*02,CG3*17
772,time-9,ARNGENNKDYMGRWRWFD_V3-7*01,J5*02,CG3*17
773,time-9,ARNLVGERTVD_V3-7*01,J5*02,CG3*17
774,time-9,ARDIGAGWFD_V3-7*01,J5*02,CG3*17
775,time-9,ARPSRVVTPSGLGEYWFE_V3-7*01,J5*02,CG3*17
776,time-9,ASWWMAARPGFD_V3-7*01,J5*02,CG3*17
777,time-9,AGGTGWLES_V3-7*01,J5*02,CG3*17
778,time-9,ARDHSGFDIGPKFYYYGMD_V3-7*01,J6*02,CG3*17
779,time-9,ARDGIGSRIKETTVTFYYYYGMD_V3-7*01,J6*02,CG3*17
780,time-9,AGGTGWLVT_V3-7*01,J6*02,CG3*17
781,time-9,VRSSWYPYYGMD_V3-7*01,J6*02,CG3*17
782,time-9,VREASGMNGMD_V3-7*01,J6*02,CG3*17
783,time-9,ARDEDFYDISGLYID_V3-7*01,J6*03,CG3*17
784,time-9,ARSDILPGYFSPEYYYMD_V3-7*01,J6*03,CG3*17
785,time-9,ARGSFWSGNVLD_V3-7*01,J6*04,CG3*17
786,time-9,ARSGSYAAMN_V3-72*01,J1*01,CG3*17
787,time-9,ARGIAVAGYTYFD_V3-72*01,J2*01,CG3*17
788,time-9,VSVLTSIVGVTGALD_V3-72*01,J3*01,CG3*17
789,time-9,VRGFHGFD_V3-72*01,J3*01,CG3*17
790,time-9,TRVGPPGIDAFD_V3-72*01,J3*02,CG3*17
791,time-9,TRVGPPGIDAFD_V3-72*01,J3*02,CG3*17
792,time-9,TRVGPPGIDAFD_V3-72*01,J3*02,CG3*17
793,time-9,TVSYFNPSN_V3-72*01,J4*02,CG3*17
794,time-9,ARATYSGAHYDYYYYYMD_V3-72*01,J6*03,CG3*17
795,time-9,ASQLRHTSGYYFEP_V3-73*01,J1*01,CG3*17
796,time-9,TSGVISSDGSDDYD_V3-73*01,J4*02,CG3*17
797,time-9,TRIRKVGSTWSGFD_V3-74*01,J,CG3*17
798,time-9,TRDIGGSRG_V3-74*01,J1*01,CG3*17
799,time-9,ARRKPEAAAGVFD_V3-74*01,J1*01,CG3*17
800,time-9,AREDFGGHD_V3-74*01,J1*01,CG3*17
801,time-9,AREAGDGYNSGWYYFD_V3-74*01,J1*01,CG3*17
802,time-9,ARMRKVGSVWSGFE_V3-74*01,J1*01,CG3*17
803,time-9,AGEVSGKND_V3-74*01,J1*01,CG3*17
804,time-9,TTDSMG_V3-74*01,J3*01,CG3*17
805,time-9,ARDAGALRGAFD_V3-74*01,J3*02,CG3*17
806,time-9,VALDLRRGRAVD_V3-74*01,J3*02,CG3*17
807,time-9,ARRDYFD_V3-74*01,J4*02,CG3*17
808,time-9,TRDIGGRRA_V3-74*01,J4*02,CG3*17
809,time-9,TRDIGGRRA_V3-74*01,J4*02,CG3*17
810,time-9,TRDIGGSRA_V3-74*01,J4*02,CG3*17
811,time-9,ARENYWKFD_V3-74*01,J4*02,CG3*17
812,time-9,ARDLRTVVDDHYFD_V3-74*01,J4*02,CG3*17
813,time-9,ARVSGGVPAN_V3-74*01,J4*02,CG3*17
814,time-9,ARSLAWLRYEAD_V3-74*01,J4*02,CG3*17
815,time-9,VRIATVQGAN_V3-74*01,J4*02,CG3*17
816,time-9,ATEFYGGLD_V3-74*01,J5*01,CG3*17
817,time-9,ARDLSGRHD_V3-74*01,J5*01,CG3*17
818,time-9,ARVRVADSSWA_V3-74*01,J5*01,CG3*17
819,time-9,VKTLT_V3-74*01,J5*01,CG3*17
820,time-9,ARDLSGRHD_V3-74*01,J5*02,CG3*17
821,time-9,ARDLSGRYD_V3-74*01,J5*02,CG3*17
822,time-9,ARDHNGYNWFD_V3-74*01,J5*02,CG3*17
823,time-9,VRAMVGMGWFD_V3-74*01,J5*02,CG3*17
824,time-9,AGYSWGGMD_V3-74*01,J6*02,CG3*17
825,time-9,VKDGDCSSTTCFGRPNDNFFYYGMD_V3-74*01,J6*02,CG3*17
826,time-9,VRGFQGGVLGPHYAMD_V3-74*01,J6*02,CG3*17
827,time-9,VRESGLSPLDLD_V3-74*01,J6*02,CG3*17
828,time-9,ARGDSGHYFDVGLKQYYYYMD_V3-74*01,J6*04,CG3*17
829,time-9,LRLEM_V3-74*02,J,CG3*17
830,time-9,TRDIGGRRA_V3-74*02,J1*01,CG3*17
831,time-9,LRGCSNGVCFGA_V3-74*02,J1*01,CG3*17
832,time-9,LRGCSNGVCFGA_V3-74*02,J1*01,CG3*17
833,time-9,ARRKPEAAAGVFD_V3-74*02,J1*01,CG3*17
834,time-9,ARRKPEAAAGVFD_V3-74*02,J1*01,CG3*17
835,time-9,ARALGYEA_V3-74*02,J1*01,CG3*17
836,time-9,AGEVSGKND_V3-74*02,J1*01,CG3*17
837,time-9,ARGGAEGDYVNLFD_V3-74*02,J4*02,CG3*17
838,time-9,ARMRKVGSTWSGFD_V3-74*02,J4*02,CG3*17
839,time-9,SRDLSGRDD_V3-74*02,J4*02,CG3*17
840,time-9,SRDLIGRDD_V3-74*02,J4*02,CG3*17
841,time-9,SRDLCGRDD_V3-74*02,J5*01,CG3*17
842,time-9,ARGGPGSG_V3-74*02,J5*02,CG3*17
843,time-9,LRLER_V3-74*02,J5*02,CG3*17
844,time-9,TRENWQYVRAFD_V3-74*03,J1*01,CG3*17
845,time-9,ARALPYEGFD_V3-74*03,J1*01,CG3*17
846,time-9,ARSSVKPD_V3-74*03,J1*01,CG3*17
847,time-9,ASFIMGVP_V3-74*03,J1*01,CG3*17
848,time-9,AREASFIWD_V3-74*03,J1*01,CG3*17
849,time-9,VREYYFSAD_V3-74*03,J1*01,CG3*17
850,time-9,ATLMLVAAFDDFD_V3-74*03,J3*02,CG3*17
851,time-9,TRDLGWDHPPD_V3-74*03,J4*02,CG3*17
852,time-9,ATHSSSWAVD_V3-74*03,J4*02,CG3*17
853,time-9,ARDYDYDSGASYMAFD_V3-74*03,J4*02,CG3*17
854,time-9,ARGLNQGVGYGD_V3-74*03,J4*02,CG3*17
855,time-9,ASLGVKGEVD_V3-74*03,J4*02,CG3*17
856,time-9,VRLPVAGTG_V3-74*03,J4*02,CG3*17
857,time-9,VRDSSAYYSSGRFFD_V3-74*03,J4*02,CG3*17
858,time-9,ARDMVGPND_V3-74*03,J5*01,CG3*17
859,time-9,ARVRVADSSWA_V3-74*03,J5*01,CG3*17
860,time-9,ARVRVADSSWA_V3-74*03,J5*01,CG3*17
861,time-9,ARVRVADSSWA_V3-74*03,J5*01,CG3*17
862,time-9,ARVRVADSSWA_V3-74*03,J5*01,CG3*17
863,time-9,ARVRVADSSWA_V3-74*03,J5*01,CG3*17
864,time-9,AKEMWATLD_V3-74*03,J5*02,CG3*17
865,time-9,AKEMWATLD_V3-74*03,J5*02,CG3*17
866,time-9,ANIVARQWS_V3-74*03,J5*02,CG3*17
867,time-9,VRGNKWFPLD_V3-74*03,J5*02,CG3*17
868,time-9,AKGGYQHTLD_V3-74*03,J6*02,CG3*17
869,time-9,ATESIPTLTYYMD_V3-74*03,J6*03,CG3*17
870,time-9,AKDGRGSWGAYAFD_V3-9*01,J3*02,CG3*17
871,time-9,VKGTTGYNSGHFD_V3-9*01,J4*02,CG3*17
872,time-9,ATDHGDLGRLD_V3-9*01,J4*02,CG3*17
873,time-9,GTDKAGDLE_V3-9*01,J4*02,CG3*17
874,time-9,WCPGKD_V3-9*01,J4*02,CG3*17
875,time-9,TMDLLPGGAD_V3-9*01,J6*02,CG3*17
876,time-9,AKDGTLDIVLVPAAMTGGYYYGLD_V3-9*01,J6*02,CG3*17
877,time-9,AKDRGRFFYGVE_V3-9*01,J6*02,CG3*17
878,time-9,AKDIRYVSTVYYGMD_V3-9*01,J6*02,CG3*17
879,time-9,AKDIRYVSTVYYGMD_V3-9*01,J6*02,CG3*17
880,time-9,GKDVKPGGLD_V3-9*01,J6*02,CG3*17
881,time-9,GKDYLEWVFTGGMD_V3-9*01,J6*02,CG3*17
882,time-9,VKDVTAGGAD_V3-9*01,J6*02,CG3*17
883,time-9,VKDVTAGGAD_V3-9*02,J6*02,CG3*17
884,time-9,AKSYSSIPSGETNDAFD_V3-9*03,J3*02,CG3*17
885,time-9,ARGVPRRGMVTGWGYHFD_V3-9*03,J4*02,CG3*17
886,time-9,AKDLRKAGTAASLYGMD_V3-NL1*01,J6*02,CG3*17
887,time-9,ARESATFEIAVPSGGDFDYRGQGIEGYFD_V3/OR16-13*01,J1*01,CG3*17
888,time-9,VREASGMNGMD_V3/OR16-9*01,J6*02,CG3*17
